"filename", "language", "TypeScript", "YAML", "TypeScript JSX", "MS SQL", "Java Properties", "Java", "Docker", "XML", "JSON", "JavaScript", "PostCSS", "HTML", "comment", "blank", "total"
"c:\BachKhoa\Kbase\.github\workflows\ci-cd.yml", "YAML", 0, -82, 0, 0, 0, 0, 0, 0, 0, 0, 0, 0, 0, -6, -88
"c:\BachKhoa\Kbase\.github\workflows\deploy.yml", "YAML", 0, 40, 0, 0, 0, 0, 0, 0, 0, 0, 0, 0, 0, 9, 49
"c:\BachKhoa\Kbase\BE\api-gateway\src\main\resources\application.yml", "YAML", 0, 1, 0, 0, 0, 0, 0, 0, 0, 0, 0, 0, 0, 0, 1
"c:\BachKhoa\Kbase\BE\document-service\src\main\java\com\kbase\document\config\RestClientConfig.java", "Java", 0, 0, 0, 0, 0, 11, 0, 0, 0, 0, 0, 0, 0, 3, 14
"c:\BachKhoa\Kbase\BE\document-service\src\main\java\com\kbase\document\controller\DocumentController.java", "Java", 0, 0, 0, 0, 0, 20, 0, 0, 0, 0, 0, 0, 0, 2, 22
"c:\BachKhoa\Kbase\BE\document-service\src\main\java\com\kbase\document\dto\ProjectPermissionResponse.java", "Java", 0, 0, 0, 0, 0, 11, 0, 0, 0, 0, 0, 0, 0, 2, 13
"c:\BachKhoa\Kbase\BE\document-service\src\main\java\com\kbase\document\dto\UpdateDocumentRequest.java", "Java", 0, 0, 0, 0, 0, 8, 0, 0, 0, 0, 0, 0, 0, 3, 11
"c:\BachKhoa\Kbase\BE\document-service\src\main\java\com\kbase\document\service\DocumentService.java", "Java", 0, 0, 0, 0, 0, 27, 0, 0, 0, 0, 0, 0, 0, 3, 30
"c:\BachKhoa\Kbase\BE\document-service\src\main\java\com\kbase\document\service\ProjectPermissionClient.java", "Java", 0, 0, 0, 0, 0, 57, 0, 0, 0, 0, 0, 0, 0, 9, 66
"c:\BachKhoa\Kbase\BE\document-service\src\main\java\com\kbase\document\service\S3StorageService.java", "Java", 0, 0, 0, 0, 0, 11, 0, 0, 0, 0, 0, 0, 0, 1, 12
"c:\BachKhoa\Kbase\BE\document-service\src\main\resources\application.properties", "Java Properties", 0, 0, 0, 0, 1, 0, 0, 0, 0, 0, 0, 0, 0, 1, 2
"c:\BachKhoa\Kbase\BE\project-service\pom.xml", "XML", 0, 0, 0, 0, 0, 0, 0, 1, 0, 0, 0, 0, 0, 0, 1
"c:\BachKhoa\Kbase\BE\project-service\src\main\java\com\kbase\project\controller\ProjectController.java", "Java", 0, 0, 0, 0, 0, 31, 0, 0, 0, 0, 0, 0, 0, 5, 36
"c:\BachKhoa\Kbase\BE\project-service\src\main\java\com\kbase\project\dto\AddMemberRequest.java", "Java", 0, 0, 0, 0, 0, 7, 0, 0, 0, 0, 0, 0, 0, 0, 7
"c:\BachKhoa\Kbase\BE\project-service\src\main\java\com\kbase\project\dto\InviteMemberRequest.java", "Java", 0, 0, 0, 0, 0, 12, 0, 0, 0, 0, 0, 0, 0, 3, 15
"c:\BachKhoa\Kbase\BE\project-service\src\main\java\com\kbase\project\dto\ProjectInvitationResponse.java", "Java", 0, 0, 0, 0, 0, 17, 0, 0, 0, 0, 0, 0, 0, 3, 20
"c:\BachKhoa\Kbase\BE\project-service\src\main\java\com\kbase\project\dto\ProjectMemberResponse.java", "Java", 0, 0, 0, 0, 0, 9, 0, 0, 0, 0, 0, 0, 0, 0, 9
"c:\BachKhoa\Kbase\BE\project-service\src\main\java\com\kbase\project\dto\ProjectPermissionResponse.java", "Java", 0, 0, 0, 0, 0, 11, 0, 0, 0, 0, 0, 0, 0, 2, 13
"c:\BachKhoa\Kbase\BE\project-service\src\main\java\com\kbase\project\exception\ForbiddenException.java", "Java", 0, 0, 0, 0, 0, 6, 0, 0, 0, 0, 0, 0, 0, 2, 8
"c:\BachKhoa\Kbase\BE\project-service\src\main\java\com\kbase\project\exception\GlobalExceptionHandler.java", "Java", 0, 0, 0, 0, 0, 4, 0, 0, 0, 0, 0, 0, 0, 1, 5
"c:\BachKhoa\Kbase\BE\project-service\src\main\java\com\kbase\project\model\InvitationStatus.java", "Java", 0, 0, 0, 0, 0, 6, 0, 0, 0, 0, 0, 0, 0, 2, 8
"c:\BachKhoa\Kbase\BE\project-service\src\main\java\com\kbase\project\model\ProjectInvitation.java", "Java", 0, 0, 0, 0, 0, 53, 0, 0, 0, 0, 0, 0, 0, 16, 69
"c:\BachKhoa\Kbase\BE\project-service\src\main\java\com\kbase\project\model\ProjectMember.java", "Java", 0, 0, 0, 0, 0, 8, 0, 0, 0, 0, 0, 0, 0, 4, 12
"c:\BachKhoa\Kbase\BE\project-service\src\main\java\com\kbase\project\repository\ProjectInvitationRepository.java", "Java", 0, 0, 0, 0, 0, 11, 0, 0, 0, 0, 0, 0, 0, 3, 14
"c:\BachKhoa\Kbase\BE\project-service\src\main\java\com\kbase\project\service\EmailService.java", "Java", 0, 0, 0, 0, 0, 57, 0, 0, 0, 0, 0, 0, 0, 10, 67
"c:\BachKhoa\Kbase\BE\project-service\src\main\java\com\kbase\project\service\ProjectService.java", "Java", 0, 0, 0, 0, 0, 179, 0, 0, 0, 0, 0, 0, 0, 12, 191
"c:\BachKhoa\Kbase\BE\project-service\src\main\resources\application.properties", "Java Properties", 0, 0, 0, 0, 8, 0, 0, 0, 0, 0, 0, 0, 0, 2, 10
"c:\BachKhoa\Kbase\FE\kbase-frontend\.next\app-path-routes-manifest.json", "JSON", 0, 0, 0, 0, 0, 0, 0, 0, -5, 0, 0, 0, 0, 0, -5
"c:\BachKhoa\Kbase\FE\kbase-frontend\.next\build-manifest.json", "JSON", 0, 0, 0, 0, 0, 0, 0, 0, -20, 0, 0, 0, 0, 0, -20
"c:\BachKhoa\Kbase\FE\kbase-frontend\.next\build\chunks\[root-of-the-server]__0iv9ksq._.js", "JavaScript", 0, 0, 0, 0, 0, 0, 0, 0, 0, -204, 0, 0, -13, -16, -233
"c:\BachKhoa\Kbase\FE\kbase-frontend\.next\build\chunks\[root-of-the-server]__0rua-~2._.js", "JavaScript", 0, 0, 0, 0, 0, 0, 0, 0, 0, -458, 0, 0, -31, -11, -500
"c:\BachKhoa\Kbase\FE\kbase-frontend\.next\build\chunks\[turbopack-node]_transforms_postcss_ts_0nnejqq._.js", "JavaScript", 0, 0, 0, 0, 0, 0, 0, 0, 0, -12, 0, 0, 0, -1, -13
"c:\BachKhoa\Kbase\FE\kbase-frontend\.next\build\chunks\[turbopack]_runtime.js", "JavaScript", 0, 0, 0, 0, 0, 0, 0, 0, 0, -717, 0, 0, -171, -2, -890
"c:\BachKhoa\Kbase\FE\kbase-frontend\.next\build\chunks\node_modules_13sb.px._.js", "JavaScript", 0, 0, 0, 0, 0, 0, 0, 0, 0, -5829, 0, 0, -952, -43, -6824
"c:\BachKhoa\Kbase\FE\kbase-frontend\.next\build\package.json", "JSON", 0, 0, 0, 0, 0, 0, 0, 0, -1, 0, 0, 0, 0, 0, -1
"c:\BachKhoa\Kbase\FE\kbase-frontend\.next\build\postcss.js", "JavaScript", 0, 0, 0, 0, 0, 0, 0, 0, 0, -6, 0, 0, 0, -1, -7
"c:\BachKhoa\Kbase\FE\kbase-frontend\.next\diagnostics\build-diagnostics.json", "JSON", 0, 0, 0, 0, 0, 0, 0, 0, -6, 0, 0, 0, 0, 0, -6
"c:\BachKhoa\Kbase\FE\kbase-frontend\.next\diagnostics\framework.json", "JSON", 0, 0, 0, 0, 0, 0, 0, 0, -1, 0, 0, 0, 0, 0, -1
"c:\BachKhoa\Kbase\FE\kbase-frontend\.next\diagnostics\route-bundle-stats.json", "JSON", 0, 0, 0, 0, 0, 0, 0, 0, -29, 0, 0, 0, 0, 0, -29
"c:\BachKhoa\Kbase\FE\kbase-frontend\.next\export-marker.json", "JSON", 0, 0, 0, 0, 0, 0, 0, 0, -6, 0, 0, 0, 0, 0, -6
"c:\BachKhoa\Kbase\FE\kbase-frontend\.next\fallback-build-manifest.json", "JSON", 0, 0, 0, 0, 0, 0, 0, 0, -13, 0, 0, 0, 0, 0, -13
"c:\BachKhoa\Kbase\FE\kbase-frontend\.next\images-manifest.json", "JSON", 0, 0, 0, 0, 0, 0, 0, 0, -68, 0, 0, 0, 0, 0, -68
"c:\BachKhoa\Kbase\FE\kbase-frontend\.next\next-minimal-server.js.nft.json", "JSON", 0, 0, 0, 0, 0, 0, 0, 0, -1, 0, 0, 0, 0, 0, -1
"c:\BachKhoa\Kbase\FE\kbase-frontend\.next\next-server.js.nft.json", "JSON", 0, 0, 0, 0, 0, 0, 0, 0, -1, 0, 0, 0, 0, 0, -1
"c:\BachKhoa\Kbase\FE\kbase-frontend\.next\package.json", "JSON", 0, 0, 0, 0, 0, 0, 0, 0, -1, 0, 0, 0, 0, 0, -1
"c:\BachKhoa\Kbase\FE\kbase-frontend\.next\prerender-manifest.json", "JSON", 0, 0, 0, 0, 0, 0, 0, 0, -85, 0, 0, 0, 0, 0, -85
"c:\BachKhoa\Kbase\FE\kbase-frontend\.next\required-server-files.js", "JavaScript", 0, 0, 0, 0, 0, 0, 0, 0, 0, -333, 0, 0, 0, 0, -333
"c:\BachKhoa\Kbase\FE\kbase-frontend\.next\required-server-files.json", "JSON", 0, 0, 0, 0, 0, 0, 0, 0, -333, 0, 0, 0, 0, 0, -333
"c:\BachKhoa\Kbase\FE\kbase-frontend\.next\routes-manifest.json", "JSON", 0, 0, 0, 0, 0, 0, 0, 0, -63, 0, 0, 0, 0, 0, -63
"c:\BachKhoa\Kbase\FE\kbase-frontend\.next\server\app-paths-manifest.json", "JSON", 0, 0, 0, 0, 0, 0, 0, 0, -5, 0, 0, 0, 0, 0, -5
"c:\BachKhoa\Kbase\FE\kbase-frontend\.next\server\app\_global-error.html", "HTML", 0, 0, 0, 0, 0, 0, 0, 0, 0, 0, 0, -1, 0, 0, -1
"c:\BachKhoa\Kbase\FE\kbase-frontend\.next\server\app\_global-error\page.js", "JavaScript", 0, 0, 0, 0, 0, 0, 0, 0, 0, -9, 0, 0, 0, -1, -10
"c:\BachKhoa\Kbase\FE\kbase-frontend\.next\server\app\_global-error\page.js.nft.json", "JSON", 0, 0, 0, 0, 0, 0, 0, 0, -1, 0, 0, 0, 0, 0, -1
"c:\BachKhoa\Kbase\FE\kbase-frontend\.next\server\app\_global-error\page\app-paths-manifest.json", "JSON", 0, 0, 0, 0, 0, 0, 0, 0, -3, 0, 0, 0, 0, 0, -3
"c:\BachKhoa\Kbase\FE\kbase-frontend\.next\server\app\_global-error\page\build-manifest.json", "JSON", 0, 0, 0, 0, 0, 0, 0, 0, -16, 0, 0, 0, 0, 0, -16
"c:\BachKhoa\Kbase\FE\kbase-frontend\.next\server\app\_global-error\page\next-font-manifest.json", "JSON", 0, 0, 0, 0, 0, 0, 0, 0, -6, 0, 0, 0, 0, 0, -6
"c:\BachKhoa\Kbase\FE\kbase-frontend\.next\server\app\_global-error\page\react-loadable-manifest.json", "JSON", 0, 0, 0, 0, 0, 0, 0, 0, -1, 0, 0, 0, 0, 0, -1
"c:\BachKhoa\Kbase\FE\kbase-frontend\.next\server\app\_global-error\page\server-reference-manifest.json", "JSON", 0, 0, 0, 0, 0, 0, 0, 0, -4, 0, 0, 0, 0, 0, -4
"c:\BachKhoa\Kbase\FE\kbase-frontend\.next\server\app\_global-error\page_client-reference-manifest.js", "JavaScript", 0, 0, 0, 0, 0, 0, 0, 0, 0, -2, 0, 0, 0, -2, -4
"c:\BachKhoa\Kbase\FE\kbase-frontend\.next\server\app\_not-found.html", "HTML", 0, 0, 0, 0, 0, 0, 0, 0, 0, 0, 0, -1, 0, 0, -1
"c:\BachKhoa\Kbase\FE\kbase-frontend\.next\server\app\_not-found\page.js", "JavaScript", 0, 0, 0, 0, 0, 0, 0, 0, 0, -12, 0, 0, 0, -1, -13
"c:\BachKhoa\Kbase\FE\kbase-frontend\.next\server\app\_not-found\page.js.nft.json", "JSON", 0, 0, 0, 0, 0, 0, 0, 0, -1, 0, 0, 0, 0, 0, -1
"c:\BachKhoa\Kbase\FE\kbase-frontend\.next\server\app\_not-found\page\app-paths-manifest.json", "JSON", 0, 0, 0, 0, 0, 0, 0, 0, -3, 0, 0, 0, 0, 0, -3
"c:\BachKhoa\Kbase\FE\kbase-frontend\.next\server\app\_not-found\page\build-manifest.json", "JSON", 0, 0, 0, 0, 0, 0, 0, 0, -16, 0, 0, 0, 0, 0, -16
"c:\BachKhoa\Kbase\FE\kbase-frontend\.next\server\app\_not-found\page\next-font-manifest.json", "JSON", 0, 0, 0, 0, 0, 0, 0, 0, -6, 0, 0, 0, 0, 0, -6
"c:\BachKhoa\Kbase\FE\kbase-frontend\.next\server\app\_not-found\page\react-loadable-manifest.json", "JSON", 0, 0, 0, 0, 0, 0, 0, 0, -1, 0, 0, 0, 0, 0, -1
"c:\BachKhoa\Kbase\FE\kbase-frontend\.next\server\app\_not-found\page\server-reference-manifest.json", "JSON", 0, 0, 0, 0, 0, 0, 0, 0, -4, 0, 0, 0, 0, 0, -4
"c:\BachKhoa\Kbase\FE\kbase-frontend\.next\server\app\_not-found\page_client-reference-manifest.js", "JavaScript", 0, 0, 0, 0, 0, 0, 0, 0, 0, -2, 0, 0, 0, -2, -4
"c:\BachKhoa\Kbase\FE\kbase-frontend\.next\server\app\index.html", "HTML", 0, 0, 0, 0, 0, 0, 0, 0, 0, 0, 0, -5, 0, 0, -5
"c:\BachKhoa\Kbase\FE\kbase-frontend\.next\server\app\page.js", "JavaScript", 0, 0, 0, 0, 0, 0, 0, 0, 0, -13, 0, 0, 0, -1, -14
"c:\BachKhoa\Kbase\FE\kbase-frontend\.next\server\app\page.js.nft.json", "JSON", 0, 0, 0, 0, 0, 0, 0, 0, -1, 0, 0, 0, 0, 0, -1
"c:\BachKhoa\Kbase\FE\kbase-frontend\.next\server\app\page\app-paths-manifest.json", "JSON", 0, 0, 0, 0, 0, 0, 0, 0, -3, 0, 0, 0, 0, 0, -3
"c:\BachKhoa\Kbase\FE\kbase-frontend\.next\server\app\page\build-manifest.json", "JSON", 0, 0, 0, 0, 0, 0, 0, 0, -16, 0, 0, 0, 0, 0, -16
"c:\BachKhoa\Kbase\FE\kbase-frontend\.next\server\app\page\next-font-manifest.json", "JSON", 0, 0, 0, 0, 0, 0, 0, 0, -6, 0, 0, 0, 0, 0, -6
"c:\BachKhoa\Kbase\FE\kbase-frontend\.next\server\app\page\react-loadable-manifest.json", "JSON", 0, 0, 0, 0, 0, 0, 0, 0, -1, 0, 0, 0, 0, 0, -1
"c:\BachKhoa\Kbase\FE\kbase-frontend\.next\server\app\page\server-reference-manifest.json", "JSON", 0, 0, 0, 0, 0, 0, 0, 0, -4, 0, 0, 0, 0, 0, -4
"c:\BachKhoa\Kbase\FE\kbase-frontend\.next\server\app\page_client-reference-manifest.js", "JavaScript", 0, 0, 0, 0, 0, 0, 0, 0, 0, -2, 0, 0, 0, -2, -4
"c:\BachKhoa\Kbase\FE\kbase-frontend\.next\server\chunks\ssr\[root-of-the-server]__01zapbh._.js", "JavaScript", 0, 0, 0, 0, 0, 0, 0, 0, 0, -33, 0, 0, 0, 0, -33
"c:\BachKhoa\Kbase\FE\kbase-frontend\.next\server\chunks\ssr\[root-of-the-server]__03j7h3w._.js", "JavaScript", 0, 0, 0, 0, 0, 0, 0, 0, 0, -1, 0, 0, -1, -1, -3
"c:\BachKhoa\Kbase\FE\kbase-frontend\.next\server\chunks\ssr\[root-of-the-server]__0_7~-_w._.js", "JavaScript", 0, 0, 0, 0, 0, 0, 0, 0, 0, -1, 0, 0, -1, -1, -3
"c:\BachKhoa\Kbase\FE\kbase-frontend\.next\server\chunks\ssr\[root-of-the-server]__0cryof6._.js", "JavaScript", 0, 0, 0, 0, 0, 0, 0, 0, 0, -178, 0, 0, -1, -5, -184
"c:\BachKhoa\Kbase\FE\kbase-frontend\.next\server\chunks\ssr\[root-of-the-server]__0e074.o._.js", "JavaScript", 0, 0, 0, 0, 0, 0, 0, 0, 0, -15, 0, 0, -1, -3, -19
"c:\BachKhoa\Kbase\FE\kbase-frontend\.next\server\chunks\ssr\[root-of-the-server]__0m11o6j._.js", "JavaScript", 0, 0, 0, 0, 0, 0, 0, 0, 0, -1, 0, 0, -1, -1, -3
"c:\BachKhoa\Kbase\FE\kbase-frontend\.next\server\chunks\ssr\[root-of-the-server]__0xjlogi._.js", "JavaScript", 0, 0, 0, 0, 0, 0, 0, 0, 0, -1, 0, 0, -1, -1, -3
"c:\BachKhoa\Kbase\FE\kbase-frontend\.next\server\chunks\ssr\[root-of-the-server]__0ypo7ru._.js", "JavaScript", 0, 0, 0, 0, 0, 0, 0, 0, 0, -33, 0, 0, 0, 0, -33
"c:\BachKhoa\Kbase\FE\kbase-frontend\.next\server\chunks\ssr\[turbopack]_runtime.js", "JavaScript", 0, 0, 0, 0, 0, 0, 0, 0, 0, -727, 0, 0, -174, -2, -903
"c:\BachKhoa\Kbase\FE\kbase-frontend\.next\server\chunks\ssr\_05s-v_s._.js", "JavaScript", 0, 0, 0, 0, 0, 0, 0, 0, 0, -16, 0, 0, -1, -2, -19
"c:\BachKhoa\Kbase\FE\kbase-frontend\.next\server\chunks\ssr\_next-internal_server_app__global-error_page_actions_0k77kol.js", "JavaScript", 0, 0, 0, 0, 0, 0, 0, 0, 0, -1, 0, 0, -1, -1, -3
"c:\BachKhoa\Kbase\FE\kbase-frontend\.next\server\chunks\ssr\_next-internal_server_app__not-found_page_actions_0eq97pa.js", "JavaScript", 0, 0, 0, 0, 0, 0, 0, 0, 0, -1, 0, 0, -1, -1, -3
"c:\BachKhoa\Kbase\FE\kbase-frontend\.next\server\chunks\ssr\_next-internal_server_app_page_actions_09-gtaw.js", "JavaScript", 0, 0, 0, 0, 0, 0, 0, 0, 0, -1, 0, 0, -1, -1, -3
"c:\BachKhoa\Kbase\FE\kbase-frontend\.next\server\chunks\ssr\node_modules_09w7yel._.js", "JavaScript", 0, 0, 0, 0, 0, 0, 0, 0, 0, -33, 0, 0, 0, 0, -33
"c:\BachKhoa\Kbase\FE\kbase-frontend\.next\server\chunks\ssr\node_modules_next_dist_0.jrk~x._.js", "JavaScript", 0, 0, 0, 0, 0, 0, 0, 0, 0, -4, 0, 0, -1, -1, -6
"c:\BachKhoa\Kbase\FE\kbase-frontend\.next\server\chunks\ssr\node_modules_next_dist_client_components_0inhx6q._.js", "JavaScript", 0, 0, 0, 0, 0, 0, 0, 0, 0, -1, 0, 0, -1, -1, -3
"c:\BachKhoa\Kbase\FE\kbase-frontend\.next\server\chunks\ssr\node_modules_next_dist_client_components_builtin_forbidden_0ghu-f7.js", "JavaScript", 0, 0, 0, 0, 0, 0, 0, 0, 0, -1, 0, 0, -1, -1, -3
"c:\BachKhoa\Kbase\FE\kbase-frontend\.next\server\chunks\ssr\node_modules_next_dist_client_components_builtin_global-error_0lgvd_..js", "JavaScript", 0, 0, 0, 0, 0, 0, 0, 0, 0, -1, 0, 0, -1, -1, -3
"c:\BachKhoa\Kbase\FE\kbase-frontend\.next\server\chunks\ssr\node_modules_next_dist_client_components_builtin_unauthorized_0cjv-23.js", "JavaScript", 0, 0, 0, 0, 0, 0, 0, 0, 0, -1, 0, 0, -1, -1, -3
"c:\BachKhoa\Kbase\FE\kbase-frontend\.next\server\chunks\ssr\node_modules_next_dist_esm_build_templates_app-page_0bj8dkg.js", "JavaScript", 0, 0, 0, 0, 0, 0, 0, 0, 0, -2, 0, 0, -1, -1, -4
"c:\BachKhoa\Kbase\FE\kbase-frontend\.next\server\chunks\ssr\node_modules_next_dist_esm_build_templates_app-page_0cvrgh7.js", "JavaScript", 0, 0, 0, 0, 0, 0, 0, 0, 0, -2, 0, 0, -1, -1, -4
"c:\BachKhoa\Kbase\FE\kbase-frontend\.next\server\chunks\ssr\node_modules_next_dist_esm_build_templates_app-page_0rc3ul_.js", "JavaScript", 0, 0, 0, 0, 0, 0, 0, 0, 0, -2, 0, 0, -1, -1, -4
"c:\BachKhoa\Kbase\FE\kbase-frontend\.next\server\chunks\ssr\src_0wle1nt._.js", "JavaScript", 0, 0, 0, 0, 0, 0, 0, 0, 0, -1, 0, 0, -1, -1, -3
"c:\BachKhoa\Kbase\FE\kbase-frontend\.next\server\functions-config-manifest.json", "JSON", 0, 0, 0, 0, 0, 0, 0, 0, -4, 0, 0, 0, 0, 0, -4
"c:\BachKhoa\Kbase\FE\kbase-frontend\.next\server\interception-route-rewrite-manifest.js", "JavaScript", 0, 0, 0, 0, 0, 0, 0, 0, 0, -1, 0, 0, 0, 0, -1
"c:\BachKhoa\Kbase\FE\kbase-frontend\.next\server\middleware-build-manifest.js", "JavaScript", 0, 0, 0, 0, 0, 0, 0, 0, 0, -20, 0, 0, 0, -1, -21
"c:\BachKhoa\Kbase\FE\kbase-frontend\.next\server\middleware-manifest.json", "JSON", 0, 0, 0, 0, 0, 0, 0, 0, -6, 0, 0, 0, 0, 0, -6
"c:\BachKhoa\Kbase\FE\kbase-frontend\.next\server\next-font-manifest.js", "JavaScript", 0, 0, 0, 0, 0, 0, 0, 0, 0, -1, 0, 0, 0, 0, -1
"c:\BachKhoa\Kbase\FE\kbase-frontend\.next\server\next-font-manifest.json", "JSON", 0, 0, 0, 0, 0, 0, 0, 0, -6, 0, 0, 0, 0, 0, -6
"c:\BachKhoa\Kbase\FE\kbase-frontend\.next\server\pages-manifest.json", "JSON", 0, 0, 0, 0, 0, 0, 0, 0, -4, 0, 0, 0, 0, 0, -4
"c:\BachKhoa\Kbase\FE\kbase-frontend\.next\server\pages\404.html", "HTML", 0, 0, 0, 0, 0, 0, 0, 0, 0, 0, 0, -1, 0, 0, -1
"c:\BachKhoa\Kbase\FE\kbase-frontend\.next\server\pages\500.html", "HTML", 0, 0, 0, 0, 0, 0, 0, 0, 0, 0, 0, -1, 0, 0, -1
"c:\BachKhoa\Kbase\FE\kbase-frontend\.next\server\prefetch-hints.json", "JSON", 0, 0, 0, 0, 0, 0, 0, 0, -1, 0, 0, 0, 0, 0, -1
"c:\BachKhoa\Kbase\FE\kbase-frontend\.next\server\server-reference-manifest.js", "JavaScript", 0, 0, 0, 0, 0, 0, 0, 0, 0, -1, 0, 0, 0, 0, -1
"c:\BachKhoa\Kbase\FE\kbase-frontend\.next\server\server-reference-manifest.json", "JSON", 0, 0, 0, 0, 0, 0, 0, 0, -5, 0, 0, 0, 0, 0, -5
"c:\BachKhoa\Kbase\FE\kbase-frontend\.next\standalone\.next\app-path-routes-manifest.json", "JSON", 0, 0, 0, 0, 0, 0, 0, 0, -5, 0, 0, 0, 0, 0, -5
"c:\BachKhoa\Kbase\FE\kbase-frontend\.next\standalone\.next\build-manifest.json", "JSON", 0, 0, 0, 0, 0, 0, 0, 0, -20, 0, 0, 0, 0, 0, -20
"c:\BachKhoa\Kbase\FE\kbase-frontend\.next\standalone\.next\package.json", "JSON", 0, 0, 0, 0, 0, 0, 0, 0, -1, 0, 0, 0, 0, 0, -1
"c:\BachKhoa\Kbase\FE\kbase-frontend\.next\standalone\.next\prerender-manifest.json", "JSON", 0, 0, 0, 0, 0, 0, 0, 0, -85, 0, 0, 0, 0, 0, -85
"c:\BachKhoa\Kbase\FE\kbase-frontend\.next\standalone\.next\required-server-files.json", "JSON", 0, 0, 0, 0, 0, 0, 0, 0, -333, 0, 0, 0, 0, 0, -333
"c:\BachKhoa\Kbase\FE\kbase-frontend\.next\standalone\.next\routes-manifest.json", "JSON", 0, 0, 0, 0, 0, 0, 0, 0, -63, 0, 0, 0, 0, 0, -63
"c:\BachKhoa\Kbase\FE\kbase-frontend\.next\standalone\.next\server\app-paths-manifest.json", "JSON", 0, 0, 0, 0, 0, 0, 0, 0, -5, 0, 0, 0, 0, 0, -5
"c:\BachKhoa\Kbase\FE\kbase-frontend\.next\standalone\.next\server\app\_global-error.html", "HTML", 0, 0, 0, 0, 0, 0, 0, 0, 0, 0, 0, -1, 0, 0, -1
"c:\BachKhoa\Kbase\FE\kbase-frontend\.next\standalone\.next\server\app\_global-error\page.js", "JavaScript", 0, 0, 0, 0, 0, 0, 0, 0, 0, -9, 0, 0, 0, -1, -10
"c:\BachKhoa\Kbase\FE\kbase-frontend\.next\standalone\.next\server\app\_global-error\page.js.nft.json", "JSON", 0, 0, 0, 0, 0, 0, 0, 0, -1, 0, 0, 0, 0, 0, -1
"c:\BachKhoa\Kbase\FE\kbase-frontend\.next\standalone\.next\server\app\_global-error\page\app-paths-manifest.json", "JSON", 0, 0, 0, 0, 0, 0, 0, 0, -3, 0, 0, 0, 0, 0, -3
"c:\BachKhoa\Kbase\FE\kbase-frontend\.next\standalone\.next\server\app\_global-error\page\build-manifest.json", "JSON", 0, 0, 0, 0, 0, 0, 0, 0, -16, 0, 0, 0, 0, 0, -16
"c:\BachKhoa\Kbase\FE\kbase-frontend\.next\standalone\.next\server\app\_global-error\page\next-font-manifest.json", "JSON", 0, 0, 0, 0, 0, 0, 0, 0, -6, 0, 0, 0, 0, 0, -6
"c:\BachKhoa\Kbase\FE\kbase-frontend\.next\standalone\.next\server\app\_global-error\page\react-loadable-manifest.json", "JSON", 0, 0, 0, 0, 0, 0, 0, 0, -1, 0, 0, 0, 0, 0, -1
"c:\BachKhoa\Kbase\FE\kbase-frontend\.next\standalone\.next\server\app\_global-error\page\server-reference-manifest.json", "JSON", 0, 0, 0, 0, 0, 0, 0, 0, -4, 0, 0, 0, 0, 0, -4
"c:\BachKhoa\Kbase\FE\kbase-frontend\.next\standalone\.next\server\app\_global-error\page_client-reference-manifest.js", "JavaScript", 0, 0, 0, 0, 0, 0, 0, 0, 0, -2, 0, 0, 0, -2, -4
"c:\BachKhoa\Kbase\FE\kbase-frontend\.next\standalone\.next\server\app\_not-found.html", "HTML", 0, 0, 0, 0, 0, 0, 0, 0, 0, 0, 0, -1, 0, 0, -1
"c:\BachKhoa\Kbase\FE\kbase-frontend\.next\standalone\.next\server\app\_not-found\page.js", "JavaScript", 0, 0, 0, 0, 0, 0, 0, 0, 0, -12, 0, 0, 0, -1, -13
"c:\BachKhoa\Kbase\FE\kbase-frontend\.next\standalone\.next\server\app\_not-found\page.js.nft.json", "JSON", 0, 0, 0, 0, 0, 0, 0, 0, -1, 0, 0, 0, 0, 0, -1
"c:\BachKhoa\Kbase\FE\kbase-frontend\.next\standalone\.next\server\app\_not-found\page\app-paths-manifest.json", "JSON", 0, 0, 0, 0, 0, 0, 0, 0, -3, 0, 0, 0, 0, 0, -3
"c:\BachKhoa\Kbase\FE\kbase-frontend\.next\standalone\.next\server\app\_not-found\page\build-manifest.json", "JSON", 0, 0, 0, 0, 0, 0, 0, 0, -16, 0, 0, 0, 0, 0, -16
"c:\BachKhoa\Kbase\FE\kbase-frontend\.next\standalone\.next\server\app\_not-found\page\next-font-manifest.json", "JSON", 0, 0, 0, 0, 0, 0, 0, 0, -6, 0, 0, 0, 0, 0, -6
"c:\BachKhoa\Kbase\FE\kbase-frontend\.next\standalone\.next\server\app\_not-found\page\react-loadable-manifest.json", "JSON", 0, 0, 0, 0, 0, 0, 0, 0, -1, 0, 0, 0, 0, 0, -1
"c:\BachKhoa\Kbase\FE\kbase-frontend\.next\standalone\.next\server\app\_not-found\page\server-reference-manifest.json", "JSON", 0, 0, 0, 0, 0, 0, 0, 0, -4, 0, 0, 0, 0, 0, -4
"c:\BachKhoa\Kbase\FE\kbase-frontend\.next\standalone\.next\server\app\_not-found\page_client-reference-manifest.js", "JavaScript", 0, 0, 0, 0, 0, 0, 0, 0, 0, -2, 0, 0, 0, -2, -4
"c:\BachKhoa\Kbase\FE\kbase-frontend\.next\standalone\.next\server\app\index.html", "HTML", 0, 0, 0, 0, 0, 0, 0, 0, 0, 0, 0, -5, 0, 0, -5
"c:\BachKhoa\Kbase\FE\kbase-frontend\.next\standalone\.next\server\app\page.js", "JavaScript", 0, 0, 0, 0, 0, 0, 0, 0, 0, -13, 0, 0, 0, -1, -14
"c:\BachKhoa\Kbase\FE\kbase-frontend\.next\standalone\.next\server\app\page.js.nft.json", "JSON", 0, 0, 0, 0, 0, 0, 0, 0, -1, 0, 0, 0, 0, 0, -1
"c:\BachKhoa\Kbase\FE\kbase-frontend\.next\standalone\.next\server\app\page\app-paths-manifest.json", "JSON", 0, 0, 0, 0, 0, 0, 0, 0, -3, 0, 0, 0, 0, 0, -3
"c:\BachKhoa\Kbase\FE\kbase-frontend\.next\standalone\.next\server\app\page\build-manifest.json", "JSON", 0, 0, 0, 0, 0, 0, 0, 0, -16, 0, 0, 0, 0, 0, -16
"c:\BachKhoa\Kbase\FE\kbase-frontend\.next\standalone\.next\server\app\page\next-font-manifest.json", "JSON", 0, 0, 0, 0, 0, 0, 0, 0, -6, 0, 0, 0, 0, 0, -6
"c:\BachKhoa\Kbase\FE\kbase-frontend\.next\standalone\.next\server\app\page\react-loadable-manifest.json", "JSON", 0, 0, 0, 0, 0, 0, 0, 0, -1, 0, 0, 0, 0, 0, -1
"c:\BachKhoa\Kbase\FE\kbase-frontend\.next\standalone\.next\server\app\page\server-reference-manifest.json", "JSON", 0, 0, 0, 0, 0, 0, 0, 0, -4, 0, 0, 0, 0, 0, -4
"c:\BachKhoa\Kbase\FE\kbase-frontend\.next\standalone\.next\server\app\page_client-reference-manifest.js", "JavaScript", 0, 0, 0, 0, 0, 0, 0, 0, 0, -2, 0, 0, 0, -2, -4
"c:\BachKhoa\Kbase\FE\kbase-frontend\.next\standalone\.next\server\chunks\ssr\[root-of-the-server]__01zapbh._.js", "JavaScript", 0, 0, 0, 0, 0, 0, 0, 0, 0, -33, 0, 0, 0, 0, -33
"c:\BachKhoa\Kbase\FE\kbase-frontend\.next\standalone\.next\server\chunks\ssr\[root-of-the-server]__03j7h3w._.js", "JavaScript", 0, 0, 0, 0, 0, 0, 0, 0, 0, -1, 0, 0, -1, -1, -3
"c:\BachKhoa\Kbase\FE\kbase-frontend\.next\standalone\.next\server\chunks\ssr\[root-of-the-server]__0_7~-_w._.js", "JavaScript", 0, 0, 0, 0, 0, 0, 0, 0, 0, -1, 0, 0, -1, -1, -3
"c:\BachKhoa\Kbase\FE\kbase-frontend\.next\standalone\.next\server\chunks\ssr\[root-of-the-server]__0cryof6._.js", "JavaScript", 0, 0, 0, 0, 0, 0, 0, 0, 0, -178, 0, 0, -1, -5, -184
"c:\BachKhoa\Kbase\FE\kbase-frontend\.next\standalone\.next\server\chunks\ssr\[root-of-the-server]__0e074.o._.js", "JavaScript", 0, 0, 0, 0, 0, 0, 0, 0, 0, -15, 0, 0, -1, -3, -19
"c:\BachKhoa\Kbase\FE\kbase-frontend\.next\standalone\.next\server\chunks\ssr\[root-of-the-server]__0m11o6j._.js", "JavaScript", 0, 0, 0, 0, 0, 0, 0, 0, 0, -1, 0, 0, -1, -1, -3
"c:\BachKhoa\Kbase\FE\kbase-frontend\.next\standalone\.next\server\chunks\ssr\[root-of-the-server]__0xjlogi._.js", "JavaScript", 0, 0, 0, 0, 0, 0, 0, 0, 0, -1, 0, 0, -1, -1, -3
"c:\BachKhoa\Kbase\FE\kbase-frontend\.next\standalone\.next\server\chunks\ssr\[root-of-the-server]__0ypo7ru._.js", "JavaScript", 0, 0, 0, 0, 0, 0, 0, 0, 0, -33, 0, 0, 0, 0, -33
"c:\BachKhoa\Kbase\FE\kbase-frontend\.next\standalone\.next\server\chunks\ssr\[turbopack]_runtime.js", "JavaScript", 0, 0, 0, 0, 0, 0, 0, 0, 0, -727, 0, 0, -174, -2, -903
"c:\BachKhoa\Kbase\FE\kbase-frontend\.next\standalone\.next\server\chunks\ssr\_05s-v_s._.js", "JavaScript", 0, 0, 0, 0, 0, 0, 0, 0, 0, -16, 0, 0, -1, -2, -19
"c:\BachKhoa\Kbase\FE\kbase-frontend\.next\standalone\.next\server\chunks\ssr\_next-internal_server_app__global-error_page_actions_0k77kol.js", "JavaScript", 0, 0, 0, 0, 0, 0, 0, 0, 0, -1, 0, 0, -1, -1, -3
"c:\BachKhoa\Kbase\FE\kbase-frontend\.next\standalone\.next\server\chunks\ssr\_next-internal_server_app__not-found_page_actions_0eq97pa.js", "JavaScript", 0, 0, 0, 0, 0, 0, 0, 0, 0, -1, 0, 0, -1, -1, -3
"c:\BachKhoa\Kbase\FE\kbase-frontend\.next\standalone\.next\server\chunks\ssr\_next-internal_server_app_page_actions_09-gtaw.js", "JavaScript", 0, 0, 0, 0, 0, 0, 0, 0, 0, -1, 0, 0, -1, -1, -3
"c:\BachKhoa\Kbase\FE\kbase-frontend\.next\standalone\.next\server\chunks\ssr\node_modules_09w7yel._.js", "JavaScript", 0, 0, 0, 0, 0, 0, 0, 0, 0, -33, 0, 0, 0, 0, -33
"c:\BachKhoa\Kbase\FE\kbase-frontend\.next\standalone\.next\server\chunks\ssr\node_modules_next_dist_0.jrk~x._.js", "JavaScript", 0, 0, 0, 0, 0, 0, 0, 0, 0, -4, 0, 0, -1, -1, -6
"c:\BachKhoa\Kbase\FE\kbase-frontend\.next\standalone\.next\server\chunks\ssr\node_modules_next_dist_client_components_0inhx6q._.js", "JavaScript", 0, 0, 0, 0, 0, 0, 0, 0, 0, -1, 0, 0, -1, -1, -3
"c:\BachKhoa\Kbase\FE\kbase-frontend\.next\standalone\.next\server\chunks\ssr\node_modules_next_dist_client_components_builtin_forbidden_0ghu-f7.js", "JavaScript", 0, 0, 0, 0, 0, 0, 0, 0, 0, -1, 0, 0, -1, -1, -3
"c:\BachKhoa\Kbase\FE\kbase-frontend\.next\standalone\.next\server\chunks\ssr\node_modules_next_dist_client_components_builtin_global-error_0lgvd_..js", "JavaScript", 0, 0, 0, 0, 0, 0, 0, 0, 0, -1, 0, 0, -1, -1, -3
"c:\BachKhoa\Kbase\FE\kbase-frontend\.next\standalone\.next\server\chunks\ssr\node_modules_next_dist_client_components_builtin_unauthorized_0cjv-23.js", "JavaScript", 0, 0, 0, 0, 0, 0, 0, 0, 0, -1, 0, 0, -1, -1, -3
"c:\BachKhoa\Kbase\FE\kbase-frontend\.next\standalone\.next\server\chunks\ssr\node_modules_next_dist_esm_build_templates_app-page_0bj8dkg.js", "JavaScript", 0, 0, 0, 0, 0, 0, 0, 0, 0, -2, 0, 0, -1, -1, -4
"c:\BachKhoa\Kbase\FE\kbase-frontend\.next\standalone\.next\server\chunks\ssr\node_modules_next_dist_esm_build_templates_app-page_0cvrgh7.js", "JavaScript", 0, 0, 0, 0, 0, 0, 0, 0, 0, -2, 0, 0, -1, -1, -4
"c:\BachKhoa\Kbase\FE\kbase-frontend\.next\standalone\.next\server\chunks\ssr\node_modules_next_dist_esm_build_templates_app-page_0rc3ul_.js", "JavaScript", 0, 0, 0, 0, 0, 0, 0, 0, 0, -2, 0, 0, -1, -1, -4
"c:\BachKhoa\Kbase\FE\kbase-frontend\.next\standalone\.next\server\chunks\ssr\src_0wle1nt._.js", "JavaScript", 0, 0, 0, 0, 0, 0, 0, 0, 0, -1, 0, 0, -1, -1, -3
"c:\BachKhoa\Kbase\FE\kbase-frontend\.next\standalone\.next\server\functions-config-manifest.json", "JSON", 0, 0, 0, 0, 0, 0, 0, 0, -4, 0, 0, 0, 0, 0, -4
"c:\BachKhoa\Kbase\FE\kbase-frontend\.next\standalone\.next\server\middleware-build-manifest.js", "JavaScript", 0, 0, 0, 0, 0, 0, 0, 0, 0, -20, 0, 0, 0, -1, -21
"c:\BachKhoa\Kbase\FE\kbase-frontend\.next\standalone\.next\server\middleware-manifest.json", "JSON", 0, 0, 0, 0, 0, 0, 0, 0, -6, 0, 0, 0, 0, 0, -6
"c:\BachKhoa\Kbase\FE\kbase-frontend\.next\standalone\.next\server\next-font-manifest.js", "JavaScript", 0, 0, 0, 0, 0, 0, 0, 0, 0, -1, 0, 0, 0, 0, -1
"c:\BachKhoa\Kbase\FE\kbase-frontend\.next\standalone\.next\server\next-font-manifest.json", "JSON", 0, 0, 0, 0, 0, 0, 0, 0, -6, 0, 0, 0, 0, 0, -6
"c:\BachKhoa\Kbase\FE\kbase-frontend\.next\standalone\.next\server\pages-manifest.json", "JSON", 0, 0, 0, 0, 0, 0, 0, 0, -4, 0, 0, 0, 0, 0, -4
"c:\BachKhoa\Kbase\FE\kbase-frontend\.next\standalone\.next\server\pages\404.html", "HTML", 0, 0, 0, 0, 0, 0, 0, 0, 0, 0, 0, -1, 0, 0, -1
"c:\BachKhoa\Kbase\FE\kbase-frontend\.next\standalone\.next\server\pages\500.html", "HTML", 0, 0, 0, 0, 0, 0, 0, 0, 0, 0, 0, -1, 0, 0, -1
"c:\BachKhoa\Kbase\FE\kbase-frontend\.next\standalone\.next\server\prefetch-hints.json", "JSON", 0, 0, 0, 0, 0, 0, 0, 0, -1, 0, 0, 0, 0, 0, -1
"c:\BachKhoa\Kbase\FE\kbase-frontend\.next\standalone\.next\server\server-reference-manifest.js", "JavaScript", 0, 0, 0, 0, 0, 0, 0, 0, 0, -1, 0, 0, 0, 0, -1
"c:\BachKhoa\Kbase\FE\kbase-frontend\.next\standalone\.next\server\server-reference-manifest.json", "JSON", 0, 0, 0, 0, 0, 0, 0, 0, -5, 0, 0, 0, 0, 0, -5
"c:\BachKhoa\Kbase\FE\kbase-frontend\.next\standalone\package.json", "JSON", 0, 0, 0, 0, 0, 0, 0, 0, -34, 0, 0, 0, 0, -1, -35
"c:\BachKhoa\Kbase\FE\kbase-frontend\.next\standalone\server.js", "JavaScript", 0, 0, 0, 0, 0, 0, 0, 0, 0, -30, 0, 0, 0, -8, -38
"c:\BachKhoa\Kbase\FE\kbase-frontend\.next\static\chunks\03cnjj9mnzy_p.js", "JavaScript", 0, 0, 0, 0, 0, 0, 0, 0, 0, -5, 0, 0, 0, 0, -5
"c:\BachKhoa\Kbase\FE\kbase-frontend\.next\static\chunks\03~yq9q893hmn.js", "JavaScript", 0, 0, 0, 0, 0, 0, 0, 0, 0, -1, 0, 0, 0, -1, -2
"c:\BachKhoa\Kbase\FE\kbase-frontend\.next\static\chunks\07lhk_q6pmm3r.js", "JavaScript", 0, 0, 0, 0, 0, 0, 0, 0, 0, -1, 0, 0, 0, 0, -1
"c:\BachKhoa\Kbase\FE\kbase-frontend\.next\static\chunks\0a~ro4.w9so9m.css", "PostCSS", 0, 0, 0, 0, 0, 0, 0, 0, 0, 0, -1, 0, 0, -1, -2
"c:\BachKhoa\Kbase\FE\kbase-frontend\.next\static\chunks\0dbhjjzl8qfwv.js", "JavaScript", 0, 0, 0, 0, 0, 0, 0, 0, 0, -1, 0, 0, 0, 0, -1
"c:\BachKhoa\Kbase\FE\kbase-frontend\.next\static\chunks\0ht900cau6_ur.js", "JavaScript", 0, 0, 0, 0, 0, 0, 0, 0, 0, -31, 0, 0, 0, 0, -31
"c:\BachKhoa\Kbase\FE\kbase-frontend\.next\static\chunks\0k-lzseo36uc4.js", "JavaScript", 0, 0, 0, 0, 0, 0, 0, 0, 0, -16, 0, 0, 0, -1, -17
"c:\BachKhoa\Kbase\FE\kbase-frontend\.next\static\chunks\0z7b6dqs1w79w.js", "JavaScript", 0, 0, 0, 0, 0, 0, 0, 0, 0, -1, 0, 0, 0, 0, -1
"c:\BachKhoa\Kbase\FE\kbase-frontend\.next\static\chunks\13m0r8a8k7u_u.js", "JavaScript", 0, 0, 0, 0, 0, 0, 0, 0, 0, -173, 0, 0, 0, -4, -177
"c:\BachKhoa\Kbase\FE\kbase-frontend\.next\static\chunks\turbopack-0bxcrz71-nfi1.js", "JavaScript", 0, 0, 0, 0, 0, 0, 0, 0, 0, -1, 0, 0, 0, 0, -1
"c:\BachKhoa\Kbase\FE\kbase-frontend\.next\static\iBVB6jFG4ywkA45ijbetS\_buildManifest.js", "JavaScript", 0, 0, 0, 0, 0, 0, 0, 0, 0, -11, 0, 0, 0, 0, -11
"c:\BachKhoa\Kbase\FE\kbase-frontend\.next\static\iBVB6jFG4ywkA45ijbetS\_clientMiddlewareManifest.js", "JavaScript", 0, 0, 0, 0, 0, 0, 0, 0, 0, -1, 0, 0, 0, 0, -1
"c:\BachKhoa\Kbase\FE\kbase-frontend\.next\static\iBVB6jFG4ywkA45ijbetS\_ssgManifest.js", "JavaScript", 0, 0, 0, 0, 0, 0, 0, 0, 0, -1, 0, 0, 0, 0, -1
"c:\BachKhoa\Kbase\FE\kbase-frontend\.next\types\cache-life.d.ts", "TypeScript", -26, 0, 0, 0, 0, 0, 0, 0, 0, 0, 0, 0, -106, -14, -146
"c:\BachKhoa\Kbase\FE\kbase-frontend\.next\types\routes.d.ts", "TypeScript", -26, 0, 0, 0, 0, 0, 0, 0, 0, 0, 0, 0, -21, -11, -58
"c:\BachKhoa\Kbase\FE\kbase-frontend\.next\types\validator.ts", "TypeScript", -42, 0, 0, 0, 0, 0, 0, 0, 0, 0, 0, 0, -7, -13, -62
"c:\BachKhoa\Kbase\FE\kbase-frontend\Dockerfile", "Docker", 0, 0, 0, 0, 0, 0, 0, 0, 0, 0, 0, 0, 1, 0, 1
"c:\BachKhoa\Kbase\FE\kbase-frontend\src\app\invitations\accept\page.tsx", "TypeScript JSX", 0, 0, 70, 0, 0, 0, 0, 0, 0, 0, 0, 0, 0, 10, 80
"c:\BachKhoa\Kbase\FE\kbase-frontend\src\components\projects\DocumentUpload.tsx", "TypeScript JSX", 0, 0, 65, 0, 0, 0, 0, 0, 0, 0, 0, 0, 0, 3, 68
"c:\BachKhoa\Kbase\FE\kbase-frontend\src\components\projects\ProjectDetail.tsx", "TypeScript JSX", 0, 0, 4, 0, 0, 0, 0, 0, 0, 0, 0, 0, 0, 1, 5
"c:\BachKhoa\Kbase\FE\kbase-frontend\src\components\projects\ProjectMembers.tsx", "TypeScript JSX", 0, 0, 177, 0, 0, 0, 0, 0, 0, 0, 0, 0, 0, 16, 193
"c:\BachKhoa\Kbase\FE\kbase-frontend\src\lib\types.ts", "TypeScript", 32, 0, 0, 0, 0, 0, 0, 0, 0, 0, 0, 0, 0, 3, 35
"c:\BachKhoa\Kbase\database\init\02-project-schema.sql", "MS SQL", 0, 0, 0, 26, 0, 0, 0, 0, 0, 0, 0, 0, 0, 2, 28
"c:\BachKhoa\Kbase\database\migrations\20260527_project_member_invitations.sql", "MS SQL", 0, 0, 0, 34, 0, 0, 0, 0, 0, 0, 0, 0, 0, 5, 39
"c:\BachKhoa\Kbase\docker-compose.yml", "YAML", 0, 15, 0, 0, 0, 0, 0, 0, 0, 0, 0, 0, 32, 1, 48
"Total", "-", -62, -26, 316, 60, 9, 556, 0, 1, -1422, -10071, -1, -18, -1654, -71, -12383