"filename", "language", "Markdown", "JSON", "JSON with Comments", "TypeScript", "Docker", "Ini", "JavaScript", "YAML", "TypeScript JSX", "PostCSS", "MS SQL", "XML", "Java Properties", "Java", "HTML", "comment", "blank", "total"
"c:\BachKhoa\Kbase\.github\workflows\ci-cd.yml", "YAML", 0, 0, 0, 0, 0, 0, 0, 82, 0, 0, 0, 0, 0, 0, 0, 0, 6, 88
"c:\BachKhoa\Kbase\BE\api-gateway\Dockerfile", "Docker", 0, 0, 0, 0, 10, 0, 0, 0, 0, 0, 0, 0, 0, 0, 0, 0, 2, 12
"c:\BachKhoa\Kbase\BE\api-gateway\pom.xml", "XML", 0, 0, 0, 0, 0, 0, 0, 0, 0, 0, 0, 68, 0, 0, 0, 0, 1, 69
"c:\BachKhoa\Kbase\BE\api-gateway\src\main\java\com\kbase\gateway\ApiGatewayApplication.java", "Java", 0, 0, 0, 0, 0, 0, 0, 0, 0, 0, 0, 0, 0, 11, 0, 0, 3, 14
"c:\BachKhoa\Kbase\BE\api-gateway\src\main\java\com\kbase\gateway\security\JwtAuthenticationFilter.java", "Java", 0, 0, 0, 0, 0, 0, 0, 0, 0, 0, 0, 0, 0, 65, 0, 0, 10, 75
"c:\BachKhoa\Kbase\BE\api-gateway\src\main\resources\application.yml", "YAML", 0, 0, 0, 0, 0, 0, 0, 61, 0, 0, 0, 0, 0, 0, 0, 0, 5, 66
"c:\BachKhoa\Kbase\BE\document-service\Dockerfile", "Docker", 0, 0, 0, 0, 10, 0, 0, 0, 0, 0, 0, 0, 0, 0, 0, 0, 2, 12
"c:\BachKhoa\Kbase\BE\document-service\pom.xml", "XML", 0, 0, 0, 0, 0, 0, 0, 0, 0, 0, 0, 34, 0, 0, 0, 0, 1, 35
"c:\BachKhoa\Kbase\BE\document-service\src\main\java\com\kbase\document\DocumentServiceApplication.java", "Java", 0, 0, 0, 0, 0, 0, 0, 0, 0, 0, 0, 0, 0, 11, 0, 0, 3, 14
"c:\BachKhoa\Kbase\BE\document-service\src\main\java\com\kbase\document\common\ResponseTemplate.java", "Java", 0, 0, 0, 0, 0, 0, 0, 0, 0, 0, 0, 0, 0, 10, 0, 0, 4, 14
"c:\BachKhoa\Kbase\BE\document-service\src\main\java\com\kbase\document\config\S3Config.java", "Java", 0, 0, 0, 0, 0, 0, 0, 0, 0, 0, 0, 0, 0, 18, 0, 0, 4, 22
"c:\BachKhoa\Kbase\BE\document-service\src\main\java\com\kbase\document\controller\DocumentController.java", "Java", 0, 0, 0, 0, 0, 0, 0, 0, 0, 0, 0, 0, 0, 51, 0, 0, 8, 59
"c:\BachKhoa\Kbase\BE\document-service\src\main\java\com\kbase\document\dto\DocumentReadUrlResponse.java", "Java", 0, 0, 0, 0, 0, 0, 0, 0, 0, 0, 0, 0, 0, 4, 0, 0, 3, 7
"c:\BachKhoa\Kbase\BE\document-service\src\main\java\com\kbase\document\dto\DocumentResponse.java", "Java", 0, 0, 0, 0, 0, 0, 0, 0, 0, 0, 0, 0, 0, 14, 0, 0, 2, 16
"c:\BachKhoa\Kbase\BE\document-service\src\main\java\com\kbase\document\exception\BadRequestException.java", "Java", 0, 0, 0, 0, 0, 0, 0, 0, 0, 0, 0, 0, 0, 6, 0, 0, 2, 8
"c:\BachKhoa\Kbase\BE\document-service\src\main\java\com\kbase\document\exception\GlobalExceptionHandler.java", "Java", 0, 0, 0, 0, 0, 0, 0, 0, 0, 0, 0, 0, 0, 33, 0, 0, 6, 39
"c:\BachKhoa\Kbase\BE\document-service\src\main\java\com\kbase\document\exception\ResourceNotFoundException.java", "Java", 0, 0, 0, 0, 0, 0, 0, 0, 0, 0, 0, 0, 0, 6, 0, 0, 2, 8
"c:\BachKhoa\Kbase\BE\document-service\src\main\java\com\kbase\document\model\Document.java", "Java", 0, 0, 0, 0, 0, 0, 0, 0, 0, 0, 0, 0, 0, 46, 0, 0, 14, 60
"c:\BachKhoa\Kbase\BE\document-service\src\main\java\com\kbase\document\repository\DocumentRepository.java", "Java", 0, 0, 0, 0, 0, 0, 0, 0, 0, 0, 0, 0, 0, 7, 0, 0, 3, 10
"c:\BachKhoa\Kbase\BE\document-service\src\main\java\com\kbase\document\service\DocumentService.java", "Java", 0, 0, 0, 0, 0, 0, 0, 0, 0, 0, 0, 0, 0, 72, 0, 0, 10, 82
"c:\BachKhoa\Kbase\BE\document-service\src\main\java\com\kbase\document\service\S3StorageService.java", "Java", 0, 0, 0, 0, 0, 0, 0, 0, 0, 0, 0, 0, 0, 73, 0, 0, 9, 82
"c:\BachKhoa\Kbase\BE\document-service\src\main\resources\application.properties", "Java Properties", 0, 0, 0, 0, 0, 0, 0, 0, 0, 0, 0, 0, 16, 0, 0, 0, 6, 22
"c:\BachKhoa\Kbase\BE\eureka-server\Dockerfile", "Docker", 0, 0, 0, 0, 10, 0, 0, 0, 0, 0, 0, 0, 0, 0, 0, 0, 2, 12
"c:\BachKhoa\Kbase\BE\eureka-server\pom.xml", "XML", 0, 0, 0, 0, 0, 0, 0, 0, 0, 0, 0, 42, 0, 0, 0, 0, 1, 43
"c:\BachKhoa\Kbase\BE\eureka-server\src\main\java\com\kbase\eureka\EurekaServerApplication.java", "Java", 0, 0, 0, 0, 0, 0, 0, 0, 0, 0, 0, 0, 0, 11, 0, 0, 3, 14
"c:\BachKhoa\Kbase\BE\eureka-server\src\main\resources\application.properties", "Java Properties", 0, 0, 0, 0, 0, 0, 0, 0, 0, 0, 0, 0, 5, 0, 0, 0, 2, 7
"c:\BachKhoa\Kbase\BE\project-service\Dockerfile", "Docker", 0, 0, 0, 0, 10, 0, 0, 0, 0, 0, 0, 0, 0, 0, 0, 0, 2, 12
"c:\BachKhoa\Kbase\BE\project-service\pom.xml", "XML", 0, 0, 0, 0, 0, 0, 0, 0, 0, 0, 0, 33, 0, 0, 0, 0, 1, 34
"c:\BachKhoa\Kbase\BE\project-service\src\main\java\com\kbase\project\ProjectServiceApplication.java", "Java", 0, 0, 0, 0, 0, 0, 0, 0, 0, 0, 0, 0, 0, 11, 0, 0, 3, 14
"c:\BachKhoa\Kbase\BE\project-service\src\main\java\com\kbase\project\common\ResponseTemplate.java", "Java", 0, 0, 0, 0, 0, 0, 0, 0, 0, 0, 0, 0, 0, 10, 0, 0, 4, 14
"c:\BachKhoa\Kbase\BE\project-service\src\main\java\com\kbase\project\controller\ProjectController.java", "Java", 0, 0, 0, 0, 0, 0, 0, 0, 0, 0, 0, 0, 0, 54, 0, 0, 10, 64
"c:\BachKhoa\Kbase\BE\project-service\src\main\java\com\kbase\project\dto\AddMemberRequest.java", "Java", 0, 0, 0, 0, 0, 0, 0, 0, 0, 0, 0, 0, 0, 5, 0, 0, 3, 8
"c:\BachKhoa\Kbase\BE\project-service\src\main\java\com\kbase\project\dto\CreateProjectRequest.java", "Java", 0, 0, 0, 0, 0, 0, 0, 0, 0, 0, 0, 0, 0, 5, 0, 0, 3, 8
"c:\BachKhoa\Kbase\BE\project-service\src\main\java\com\kbase\project\dto\ProjectMemberResponse.java", "Java", 0, 0, 0, 0, 0, 0, 0, 0, 0, 0, 0, 0, 0, 4, 0, 0, 3, 7
"c:\BachKhoa\Kbase\BE\project-service\src\main\java\com\kbase\project\dto\ProjectResponse.java", "Java", 0, 0, 0, 0, 0, 0, 0, 0, 0, 0, 0, 0, 0, 3, 0, 0, 2, 5
"c:\BachKhoa\Kbase\BE\project-service\src\main\java\com\kbase\project\dto\UpdateProjectRequest.java", "Java", 0, 0, 0, 0, 0, 0, 0, 0, 0, 0, 0, 0, 0, 5, 0, 0, 3, 8
"c:\BachKhoa\Kbase\BE\project-service\src\main\java\com\kbase\project\exception\BadRequestException.java", "Java", 0, 0, 0, 0, 0, 0, 0, 0, 0, 0, 0, 0, 0, 6, 0, 0, 2, 8
"c:\BachKhoa\Kbase\BE\project-service\src\main\java\com\kbase\project\exception\GlobalExceptionHandler.java", "Java", 0, 0, 0, 0, 0, 0, 0, 0, 0, 0, 0, 0, 0, 30, 0, 0, 6, 36
"c:\BachKhoa\Kbase\BE\project-service\src\main\java\com\kbase\project\exception\ResourceNotFoundException.java", "Java", 0, 0, 0, 0, 0, 0, 0, 0, 0, 0, 0, 0, 0, 6, 0, 0, 2, 8
"c:\BachKhoa\Kbase\BE\project-service\src\main\java\com\kbase\project\model\MemberRole.java", "Java", 0, 0, 0, 0, 0, 0, 0, 0, 0, 0, 0, 0, 0, 6, 0, 0, 2, 8
"c:\BachKhoa\Kbase\BE\project-service\src\main\java\com\kbase\project\model\Project.java", "Java", 0, 0, 0, 0, 0, 0, 0, 0, 0, 0, 0, 0, 0, 36, 0, 0, 9, 45
"c:\BachKhoa\Kbase\BE\project-service\src\main\java\com\kbase\project\model\ProjectMember.java", "Java", 0, 0, 0, 0, 0, 0, 0, 0, 0, 0, 0, 0, 0, 31, 0, 0, 7, 38
"c:\BachKhoa\Kbase\BE\project-service\src\main\java\com\kbase\project\model\ProjectMemberId.java", "Java", 0, 0, 0, 0, 0, 0, 0, 0, 0, 0, 0, 0, 0, 21, 0, 0, 4, 25
"c:\BachKhoa\Kbase\BE\project-service\src\main\java\com\kbase\project\repository\ProjectMemberRepository.java", "Java", 0, 0, 0, 0, 0, 0, 0, 0, 0, 0, 0, 0, 0, 9, 0, 0, 3, 12
"c:\BachKhoa\Kbase\BE\project-service\src\main\java\com\kbase\project\repository\ProjectRepository.java", "Java", 0, 0, 0, 0, 0, 0, 0, 0, 0, 0, 0, 0, 0, 7, 0, 0, 3, 10
"c:\BachKhoa\Kbase\BE\project-service\src\main\java\com\kbase\project\service\ProjectService.java", "Java", 0, 0, 0, 0, 0, 0, 0, 0, 0, 0, 0, 0, 0, 82, 0, 0, 14, 96
"c:\BachKhoa\Kbase\BE\project-service\src\main\resources\application.properties", "Java Properties", 0, 0, 0, 0, 0, 0, 0, 0, 0, 0, 0, 0, 12, 0, 0, 0, 4, 16
"c:\BachKhoa\Kbase\BE\user-service\Dockerfile", "Docker", 0, 0, 0, 0, 10, 0, 0, 0, 0, 0, 0, 0, 0, 0, 0, 0, 2, 12
"c:\BachKhoa\Kbase\BE\user-service\pom.xml", "XML", 0, 0, 0, 0, 0, 0, 0, 0, 0, 0, 0, 43, 0, 0, 0, 0, 1, 44
"c:\BachKhoa\Kbase\BE\user-service\src\main\java\com\kbase\user\UserServiceApplication.java", "Java", 0, 0, 0, 0, 0, 0, 0, 0, 0, 0, 0, 0, 0, 11, 0, 0, 3, 14
"c:\BachKhoa\Kbase\BE\user-service\src\main\java\com\kbase\user\common\ResponseTemplate.java", "Java", 0, 0, 0, 0, 0, 0, 0, 0, 0, 0, 0, 0, 0, 10, 0, 0, 4, 14
"c:\BachKhoa\Kbase\BE\user-service\src\main\java\com\kbase\user\config\SecurityConfig.java", "Java", 0, 0, 0, 0, 0, 0, 0, 0, 0, 0, 0, 0, 0, 20, 0, 0, 4, 24
"c:\BachKhoa\Kbase\BE\user-service\src\main\java\com\kbase\user\controller\AuthController.java", "Java", 0, 0, 0, 0, 0, 0, 0, 0, 0, 0, 0, 0, 0, 28, 0, 0, 6, 34
"c:\BachKhoa\Kbase\BE\user-service\src\main\java\com\kbase\user\controller\UserController.java", "Java", 0, 0, 0, 0, 0, 0, 0, 0, 0, 0, 0, 0, 0, 39, 0, 0, 8, 47
"c:\BachKhoa\Kbase\BE\user-service\src\main\java\com\kbase\user\dto\AuthResponse.java", "Java", 0, 0, 0, 0, 0, 0, 0, 0, 0, 0, 0, 0, 0, 3, 0, 0, 2, 5
"c:\BachKhoa\Kbase\BE\user-service\src\main\java\com\kbase\user\dto\LoginRequest.java", "Java", 0, 0, 0, 0, 0, 0, 0, 0, 0, 0, 0, 0, 0, 5, 0, 0, 3, 8
"c:\BachKhoa\Kbase\BE\user-service\src\main\java\com\kbase\user\dto\RegisterRequest.java", "Java", 0, 0, 0, 0, 0, 0, 0, 0, 0, 0, 0, 0, 0, 13, 0, 0, 3, 16
"c:\BachKhoa\Kbase\BE\user-service\src\main\java\com\kbase\user\dto\UpdateProfileRequest.java", "Java", 0, 0, 0, 0, 0, 0, 0, 0, 0, 0, 0, 0, 0, 5, 0, 0, 3, 8
"c:\BachKhoa\Kbase\BE\user-service\src\main\java\com\kbase\user\dto\UserResponse.java", "Java", 0, 0, 0, 0, 0, 0, 0, 0, 0, 0, 0, 0, 0, 4, 0, 0, 3, 7
"c:\BachKhoa\Kbase\BE\user-service\src\main\java\com\kbase\user\exception\BadRequestException.java", "Java", 0, 0, 0, 0, 0, 0, 0, 0, 0, 0, 0, 0, 0, 6, 0, 0, 2, 8
"c:\BachKhoa\Kbase\BE\user-service\src\main\java\com\kbase\user\exception\GlobalExceptionHandler.java", "Java", 0, 0, 0, 0, 0, 0, 0, 0, 0, 0, 0, 0, 0, 32, 0, 0, 6, 38
"c:\BachKhoa\Kbase\BE\user-service\src\main\java\com\kbase\user\exception\ResourceNotFoundException.java", "Java", 0, 0, 0, 0, 0, 0, 0, 0, 0, 0, 0, 0, 0, 6, 0, 0, 2, 8
"c:\BachKhoa\Kbase\BE\user-service\src\main\java\com\kbase\user\model\User.java", "Java", 0, 0, 0, 0, 0, 0, 0, 0, 0, 0, 0, 0, 0, 46, 0, 0, 11, 57
"c:\BachKhoa\Kbase\BE\user-service\src\main\java\com\kbase\user\model\UserRole.java", "Java", 0, 0, 0, 0, 0, 0, 0, 0, 0, 0, 0, 0, 0, 6, 0, 0, 2, 8
"c:\BachKhoa\Kbase\BE\user-service\src\main\java\com\kbase\user\repository\UserRepository.java", "Java", 0, 0, 0, 0, 0, 0, 0, 0, 0, 0, 0, 0, 0, 8, 0, 0, 3, 11
"c:\BachKhoa\Kbase\BE\user-service\src\main\java\com\kbase\user\service\JwtService.java", "Java", 0, 0, 0, 0, 0, 0, 0, 0, 0, 0, 0, 0, 0, 31, 0, 0, 5, 36
"c:\BachKhoa\Kbase\BE\user-service\src\main\java\com\kbase\user\service\UserService.java", "Java", 0, 0, 0, 0, 0, 0, 0, 0, 0, 0, 0, 0, 0, 74, 0, 0, 10, 84
"c:\BachKhoa\Kbase\BE\user-service\src\main\resources\application.properties", "Java Properties", 0, 0, 0, 0, 0, 0, 0, 0, 0, 0, 0, 0, 14, 0, 0, 0, 5, 19
"c:\BachKhoa\Kbase\FE\kbase-frontend\.next\app-path-routes-manifest.json", "JSON", 0, 5, 0, 0, 0, 0, 0, 0, 0, 0, 0, 0, 0, 0, 0, 0, 0, 5
"c:\BachKhoa\Kbase\FE\kbase-frontend\.next\build-manifest.json", "JSON", 0, 20, 0, 0, 0, 0, 0, 0, 0, 0, 0, 0, 0, 0, 0, 0, 0, 20
"c:\BachKhoa\Kbase\FE\kbase-frontend\.next\build\chunks\[root-of-the-server]__0iv9ksq._.js", "JavaScript", 0, 0, 0, 0, 0, 0, 204, 0, 0, 0, 0, 0, 0, 0, 0, 13, 16, 233
"c:\BachKhoa\Kbase\FE\kbase-frontend\.next\build\chunks\[root-of-the-server]__0rua-~2._.js", "JavaScript", 0, 0, 0, 0, 0, 0, 458, 0, 0, 0, 0, 0, 0, 0, 0, 31, 11, 500
"c:\BachKhoa\Kbase\FE\kbase-frontend\.next\build\chunks\[turbopack-node]_transforms_postcss_ts_0nnejqq._.js", "JavaScript", 0, 0, 0, 0, 0, 0, 12, 0, 0, 0, 0, 0, 0, 0, 0, 0, 1, 13
"c:\BachKhoa\Kbase\FE\kbase-frontend\.next\build\chunks\[turbopack]_runtime.js", "JavaScript", 0, 0, 0, 0, 0, 0, 717, 0, 0, 0, 0, 0, 0, 0, 0, 171, 2, 890
"c:\BachKhoa\Kbase\FE\kbase-frontend\.next\build\chunks\node_modules_13sb.px._.js", "JavaScript", 0, 0, 0, 0, 0, 0, 5829, 0, 0, 0, 0, 0, 0, 0, 0, 952, 43, 6824
"c:\BachKhoa\Kbase\FE\kbase-frontend\.next\build\package.json", "JSON", 0, 1, 0, 0, 0, 0, 0, 0, 0, 0, 0, 0, 0, 0, 0, 0, 0, 1
"c:\BachKhoa\Kbase\FE\kbase-frontend\.next\build\postcss.js", "JavaScript", 0, 0, 0, 0, 0, 0, 6, 0, 0, 0, 0, 0, 0, 0, 0, 0, 1, 7
"c:\BachKhoa\Kbase\FE\kbase-frontend\.next\diagnostics\build-diagnostics.json", "JSON", 0, 6, 0, 0, 0, 0, 0, 0, 0, 0, 0, 0, 0, 0, 0, 0, 0, 6
"c:\BachKhoa\Kbase\FE\kbase-frontend\.next\diagnostics\framework.json", "JSON", 0, 1, 0, 0, 0, 0, 0, 0, 0, 0, 0, 0, 0, 0, 0, 0, 0, 1
"c:\BachKhoa\Kbase\FE\kbase-frontend\.next\diagnostics\route-bundle-stats.json", "JSON", 0, 29, 0, 0, 0, 0, 0, 0, 0, 0, 0, 0, 0, 0, 0, 0, 0, 29
"c:\BachKhoa\Kbase\FE\kbase-frontend\.next\export-marker.json", "JSON", 0, 6, 0, 0, 0, 0, 0, 0, 0, 0, 0, 0, 0, 0, 0, 0, 0, 6
"c:\BachKhoa\Kbase\FE\kbase-frontend\.next\fallback-build-manifest.json", "JSON", 0, 13, 0, 0, 0, 0, 0, 0, 0, 0, 0, 0, 0, 0, 0, 0, 0, 13
"c:\BachKhoa\Kbase\FE\kbase-frontend\.next\images-manifest.json", "JSON", 0, 68, 0, 0, 0, 0, 0, 0, 0, 0, 0, 0, 0, 0, 0, 0, 0, 68
"c:\BachKhoa\Kbase\FE\kbase-frontend\.next\next-minimal-server.js.nft.json", "JSON", 0, 1, 0, 0, 0, 0, 0, 0, 0, 0, 0, 0, 0, 0, 0, 0, 0, 1
"c:\BachKhoa\Kbase\FE\kbase-frontend\.next\next-server.js.nft.json", "JSON", 0, 1, 0, 0, 0, 0, 0, 0, 0, 0, 0, 0, 0, 0, 0, 0, 0, 1
"c:\BachKhoa\Kbase\FE\kbase-frontend\.next\package.json", "JSON", 0, 1, 0, 0, 0, 0, 0, 0, 0, 0, 0, 0, 0, 0, 0, 0, 0, 1
"c:\BachKhoa\Kbase\FE\kbase-frontend\.next\prerender-manifest.json", "JSON", 0, 85, 0, 0, 0, 0, 0, 0, 0, 0, 0, 0, 0, 0, 0, 0, 0, 85
"c:\BachKhoa\Kbase\FE\kbase-frontend\.next\required-server-files.js", "JavaScript", 0, 0, 0, 0, 0, 0, 333, 0, 0, 0, 0, 0, 0, 0, 0, 0, 0, 333
"c:\BachKhoa\Kbase\FE\kbase-frontend\.next\required-server-files.json", "JSON", 0, 333, 0, 0, 0, 0, 0, 0, 0, 0, 0, 0, 0, 0, 0, 0, 0, 333
"c:\BachKhoa\Kbase\FE\kbase-frontend\.next\routes-manifest.json", "JSON", 0, 63, 0, 0, 0, 0, 0, 0, 0, 0, 0, 0, 0, 0, 0, 0, 0, 63
"c:\BachKhoa\Kbase\FE\kbase-frontend\.next\server\app-paths-manifest.json", "JSON", 0, 5, 0, 0, 0, 0, 0, 0, 0, 0, 0, 0, 0, 0, 0, 0, 0, 5
"c:\BachKhoa\Kbase\FE\kbase-frontend\.next\server\app\_global-error.html", "HTML", 0, 0, 0, 0, 0, 0, 0, 0, 0, 0, 0, 0, 0, 0, 1, 0, 0, 1
"c:\BachKhoa\Kbase\FE\kbase-frontend\.next\server\app\_global-error\page.js", "JavaScript", 0, 0, 0, 0, 0, 0, 9, 0, 0, 0, 0, 0, 0, 0, 0, 0, 1, 10
"c:\BachKhoa\Kbase\FE\kbase-frontend\.next\server\app\_global-error\page.js.nft.json", "JSON", 0, 1, 0, 0, 0, 0, 0, 0, 0, 0, 0, 0, 0, 0, 0, 0, 0, 1
"c:\BachKhoa\Kbase\FE\kbase-frontend\.next\server\app\_global-error\page\app-paths-manifest.json", "JSON", 0, 3, 0, 0, 0, 0, 0, 0, 0, 0, 0, 0, 0, 0, 0, 0, 0, 3
"c:\BachKhoa\Kbase\FE\kbase-frontend\.next\server\app\_global-error\page\build-manifest.json", "JSON", 0, 16, 0, 0, 0, 0, 0, 0, 0, 0, 0, 0, 0, 0, 0, 0, 0, 16
"c:\BachKhoa\Kbase\FE\kbase-frontend\.next\server\app\_global-error\page\next-font-manifest.json", "JSON", 0, 6, 0, 0, 0, 0, 0, 0, 0, 0, 0, 0, 0, 0, 0, 0, 0, 6
"c:\BachKhoa\Kbase\FE\kbase-frontend\.next\server\app\_global-error\page\react-loadable-manifest.json", "JSON", 0, 1, 0, 0, 0, 0, 0, 0, 0, 0, 0, 0, 0, 0, 0, 0, 0, 1
"c:\BachKhoa\Kbase\FE\kbase-frontend\.next\server\app\_global-error\page\server-reference-manifest.json", "JSON", 0, 4, 0, 0, 0, 0, 0, 0, 0, 0, 0, 0, 0, 0, 0, 0, 0, 4
"c:\BachKhoa\Kbase\FE\kbase-frontend\.next\server\app\_global-error\page_client-reference-manifest.js", "JavaScript", 0, 0, 0, 0, 0, 0, 2, 0, 0, 0, 0, 0, 0, 0, 0, 0, 2, 4
"c:\BachKhoa\Kbase\FE\kbase-frontend\.next\server\app\_not-found.html", "HTML", 0, 0, 0, 0, 0, 0, 0, 0, 0, 0, 0, 0, 0, 0, 1, 0, 0, 1
"c:\BachKhoa\Kbase\FE\kbase-frontend\.next\server\app\_not-found\page.js", "JavaScript", 0, 0, 0, 0, 0, 0, 12, 0, 0, 0, 0, 0, 0, 0, 0, 0, 1, 13
"c:\BachKhoa\Kbase\FE\kbase-frontend\.next\server\app\_not-found\page.js.nft.json", "JSON", 0, 1, 0, 0, 0, 0, 0, 0, 0, 0, 0, 0, 0, 0, 0, 0, 0, 1
"c:\BachKhoa\Kbase\FE\kbase-frontend\.next\server\app\_not-found\page\app-paths-manifest.json", "JSON", 0, 3, 0, 0, 0, 0, 0, 0, 0, 0, 0, 0, 0, 0, 0, 0, 0, 3
"c:\BachKhoa\Kbase\FE\kbase-frontend\.next\server\app\_not-found\page\build-manifest.json", "JSON", 0, 16, 0, 0, 0, 0, 0, 0, 0, 0, 0, 0, 0, 0, 0, 0, 0, 16
"c:\BachKhoa\Kbase\FE\kbase-frontend\.next\server\app\_not-found\page\next-font-manifest.json", "JSON", 0, 6, 0, 0, 0, 0, 0, 0, 0, 0, 0, 0, 0, 0, 0, 0, 0, 6
"c:\BachKhoa\Kbase\FE\kbase-frontend\.next\server\app\_not-found\page\react-loadable-manifest.json", "JSON", 0, 1, 0, 0, 0, 0, 0, 0, 0, 0, 0, 0, 0, 0, 0, 0, 0, 1
"c:\BachKhoa\Kbase\FE\kbase-frontend\.next\server\app\_not-found\page\server-reference-manifest.json", "JSON", 0, 4, 0, 0, 0, 0, 0, 0, 0, 0, 0, 0, 0, 0, 0, 0, 0, 4
"c:\BachKhoa\Kbase\FE\kbase-frontend\.next\server\app\_not-found\page_client-reference-manifest.js", "JavaScript", 0, 0, 0, 0, 0, 0, 2, 0, 0, 0, 0, 0, 0, 0, 0, 0, 2, 4
"c:\BachKhoa\Kbase\FE\kbase-frontend\.next\server\app\index.html", "HTML", 0, 0, 0, 0, 0, 0, 0, 0, 0, 0, 0, 0, 0, 0, 5, 0, 0, 5
"c:\BachKhoa\Kbase\FE\kbase-frontend\.next\server\app\page.js", "JavaScript", 0, 0, 0, 0, 0, 0, 13, 0, 0, 0, 0, 0, 0, 0, 0, 0, 1, 14
"c:\BachKhoa\Kbase\FE\kbase-frontend\.next\server\app\page.js.nft.json", "JSON", 0, 1, 0, 0, 0, 0, 0, 0, 0, 0, 0, 0, 0, 0, 0, 0, 0, 1
"c:\BachKhoa\Kbase\FE\kbase-frontend\.next\server\app\page\app-paths-manifest.json", "JSON", 0, 3, 0, 0, 0, 0, 0, 0, 0, 0, 0, 0, 0, 0, 0, 0, 0, 3
"c:\BachKhoa\Kbase\FE\kbase-frontend\.next\server\app\page\build-manifest.json", "JSON", 0, 16, 0, 0, 0, 0, 0, 0, 0, 0, 0, 0, 0, 0, 0, 0, 0, 16
"c:\BachKhoa\Kbase\FE\kbase-frontend\.next\server\app\page\next-font-manifest.json", "JSON", 0, 6, 0, 0, 0, 0, 0, 0, 0, 0, 0, 0, 0, 0, 0, 0, 0, 6
"c:\BachKhoa\Kbase\FE\kbase-frontend\.next\server\app\page\react-loadable-manifest.json", "JSON", 0, 1, 0, 0, 0, 0, 0, 0, 0, 0, 0, 0, 0, 0, 0, 0, 0, 1
"c:\BachKhoa\Kbase\FE\kbase-frontend\.next\server\app\page\server-reference-manifest.json", "JSON", 0, 4, 0, 0, 0, 0, 0, 0, 0, 0, 0, 0, 0, 0, 0, 0, 0, 4
"c:\BachKhoa\Kbase\FE\kbase-frontend\.next\server\app\page_client-reference-manifest.js", "JavaScript", 0, 0, 0, 0, 0, 0, 2, 0, 0, 0, 0, 0, 0, 0, 0, 0, 2, 4
"c:\BachKhoa\Kbase\FE\kbase-frontend\.next\server\chunks\ssr\[root-of-the-server]__01zapbh._.js", "JavaScript", 0, 0, 0, 0, 0, 0, 33, 0, 0, 0, 0, 0, 0, 0, 0, 0, 0, 33
"c:\BachKhoa\Kbase\FE\kbase-frontend\.next\server\chunks\ssr\[root-of-the-server]__03j7h3w._.js", "JavaScript", 0, 0, 0, 0, 0, 0, 1, 0, 0, 0, 0, 0, 0, 0, 0, 1, 1, 3
"c:\BachKhoa\Kbase\FE\kbase-frontend\.next\server\chunks\ssr\[root-of-the-server]__0_7~-_w._.js", "JavaScript", 0, 0, 0, 0, 0, 0, 1, 0, 0, 0, 0, 0, 0, 0, 0, 1, 1, 3
"c:\BachKhoa\Kbase\FE\kbase-frontend\.next\server\chunks\ssr\[root-of-the-server]__0cryof6._.js", "JavaScript", 0, 0, 0, 0, 0, 0, 178, 0, 0, 0, 0, 0, 0, 0, 0, 1, 5, 184
"c:\BachKhoa\Kbase\FE\kbase-frontend\.next\server\chunks\ssr\[root-of-the-server]__0e074.o._.js", "JavaScript", 0, 0, 0, 0, 0, 0, 15, 0, 0, 0, 0, 0, 0, 0, 0, 1, 3, 19
"c:\BachKhoa\Kbase\FE\kbase-frontend\.next\server\chunks\ssr\[root-of-the-server]__0m11o6j._.js", "JavaScript", 0, 0, 0, 0, 0, 0, 1, 0, 0, 0, 0, 0, 0, 0, 0, 1, 1, 3
"c:\BachKhoa\Kbase\FE\kbase-frontend\.next\server\chunks\ssr\[root-of-the-server]__0xjlogi._.js", "JavaScript", 0, 0, 0, 0, 0, 0, 1, 0, 0, 0, 0, 0, 0, 0, 0, 1, 1, 3
"c:\BachKhoa\Kbase\FE\kbase-frontend\.next\server\chunks\ssr\[root-of-the-server]__0ypo7ru._.js", "JavaScript", 0, 0, 0, 0, 0, 0, 33, 0, 0, 0, 0, 0, 0, 0, 0, 0, 0, 33
"c:\BachKhoa\Kbase\FE\kbase-frontend\.next\server\chunks\ssr\[turbopack]_runtime.js", "JavaScript", 0, 0, 0, 0, 0, 0, 727, 0, 0, 0, 0, 0, 0, 0, 0, 174, 2, 903
"c:\BachKhoa\Kbase\FE\kbase-frontend\.next\server\chunks\ssr\_05s-v_s._.js", "JavaScript", 0, 0, 0, 0, 0, 0, 16, 0, 0, 0, 0, 0, 0, 0, 0, 1, 2, 19
"c:\BachKhoa\Kbase\FE\kbase-frontend\.next\server\chunks\ssr\_next-internal_server_app__global-error_page_actions_0k77kol.js", "JavaScript", 0, 0, 0, 0, 0, 0, 1, 0, 0, 0, 0, 0, 0, 0, 0, 1, 1, 3
"c:\BachKhoa\Kbase\FE\kbase-frontend\.next\server\chunks\ssr\_next-internal_server_app__not-found_page_actions_0eq97pa.js", "JavaScript", 0, 0, 0, 0, 0, 0, 1, 0, 0, 0, 0, 0, 0, 0, 0, 1, 1, 3
"c:\BachKhoa\Kbase\FE\kbase-frontend\.next\server\chunks\ssr\_next-internal_server_app_page_actions_09-gtaw.js", "JavaScript", 0, 0, 0, 0, 0, 0, 1, 0, 0, 0, 0, 0, 0, 0, 0, 1, 1, 3
"c:\BachKhoa\Kbase\FE\kbase-frontend\.next\server\chunks\ssr\node_modules_09w7yel._.js", "JavaScript", 0, 0, 0, 0, 0, 0, 33, 0, 0, 0, 0, 0, 0, 0, 0, 0, 0, 33
"c:\BachKhoa\Kbase\FE\kbase-frontend\.next\server\chunks\ssr\node_modules_next_dist_0.jrk~x._.js", "JavaScript", 0, 0, 0, 0, 0, 0, 4, 0, 0, 0, 0, 0, 0, 0, 0, 1, 1, 6
"c:\BachKhoa\Kbase\FE\kbase-frontend\.next\server\chunks\ssr\node_modules_next_dist_client_components_0inhx6q._.js", "JavaScript", 0, 0, 0, 0, 0, 0, 1, 0, 0, 0, 0, 0, 0, 0, 0, 1, 1, 3
"c:\BachKhoa\Kbase\FE\kbase-frontend\.next\server\chunks\ssr\node_modules_next_dist_client_components_builtin_forbidden_0ghu-f7.js", "JavaScript", 0, 0, 0, 0, 0, 0, 1, 0, 0, 0, 0, 0, 0, 0, 0, 1, 1, 3
"c:\BachKhoa\Kbase\FE\kbase-frontend\.next\server\chunks\ssr\node_modules_next_dist_client_components_builtin_global-error_0lgvd_..js", "JavaScript", 0, 0, 0, 0, 0, 0, 1, 0, 0, 0, 0, 0, 0, 0, 0, 1, 1, 3
"c:\BachKhoa\Kbase\FE\kbase-frontend\.next\server\chunks\ssr\node_modules_next_dist_client_components_builtin_unauthorized_0cjv-23.js", "JavaScript", 0, 0, 0, 0, 0, 0, 1, 0, 0, 0, 0, 0, 0, 0, 0, 1, 1, 3
"c:\BachKhoa\Kbase\FE\kbase-frontend\.next\server\chunks\ssr\node_modules_next_dist_esm_build_templates_app-page_0bj8dkg.js", "JavaScript", 0, 0, 0, 0, 0, 0, 2, 0, 0, 0, 0, 0, 0, 0, 0, 1, 1, 4
"c:\BachKhoa\Kbase\FE\kbase-frontend\.next\server\chunks\ssr\node_modules_next_dist_esm_build_templates_app-page_0cvrgh7.js", "JavaScript", 0, 0, 0, 0, 0, 0, 2, 0, 0, 0, 0, 0, 0, 0, 0, 1, 1, 4
"c:\BachKhoa\Kbase\FE\kbase-frontend\.next\server\chunks\ssr\node_modules_next_dist_esm_build_templates_app-page_0rc3ul_.js", "JavaScript", 0, 0, 0, 0, 0, 0, 2, 0, 0, 0, 0, 0, 0, 0, 0, 1, 1, 4
"c:\BachKhoa\Kbase\FE\kbase-frontend\.next\server\chunks\ssr\src_0wle1nt._.js", "JavaScript", 0, 0, 0, 0, 0, 0, 1, 0, 0, 0, 0, 0, 0, 0, 0, 1, 1, 3
"c:\BachKhoa\Kbase\FE\kbase-frontend\.next\server\functions-config-manifest.json", "JSON", 0, 4, 0, 0, 0, 0, 0, 0, 0, 0, 0, 0, 0, 0, 0, 0, 0, 4
"c:\BachKhoa\Kbase\FE\kbase-frontend\.next\server\interception-route-rewrite-manifest.js", "JavaScript", 0, 0, 0, 0, 0, 0, 1, 0, 0, 0, 0, 0, 0, 0, 0, 0, 0, 1
"c:\BachKhoa\Kbase\FE\kbase-frontend\.next\server\middleware-build-manifest.js", "JavaScript", 0, 0, 0, 0, 0, 0, 20, 0, 0, 0, 0, 0, 0, 0, 0, 0, 1, 21
"c:\BachKhoa\Kbase\FE\kbase-frontend\.next\server\middleware-manifest.json", "JSON", 0, 6, 0, 0, 0, 0, 0, 0, 0, 0, 0, 0, 0, 0, 0, 0, 0, 6
"c:\BachKhoa\Kbase\FE\kbase-frontend\.next\server\next-font-manifest.js", "JavaScript", 0, 0, 0, 0, 0, 0, 1, 0, 0, 0, 0, 0, 0, 0, 0, 0, 0, 1
"c:\BachKhoa\Kbase\FE\kbase-frontend\.next\server\next-font-manifest.json", "JSON", 0, 6, 0, 0, 0, 0, 0, 0, 0, 0, 0, 0, 0, 0, 0, 0, 0, 6
"c:\BachKhoa\Kbase\FE\kbase-frontend\.next\server\pages-manifest.json", "JSON", 0, 4, 0, 0, 0, 0, 0, 0, 0, 0, 0, 0, 0, 0, 0, 0, 0, 4
"c:\BachKhoa\Kbase\FE\kbase-frontend\.next\server\pages\404.html", "HTML", 0, 0, 0, 0, 0, 0, 0, 0, 0, 0, 0, 0, 0, 0, 1, 0, 0, 1
"c:\BachKhoa\Kbase\FE\kbase-frontend\.next\server\pages\500.html", "HTML", 0, 0, 0, 0, 0, 0, 0, 0, 0, 0, 0, 0, 0, 0, 1, 0, 0, 1
"c:\BachKhoa\Kbase\FE\kbase-frontend\.next\server\prefetch-hints.json", "JSON", 0, 1, 0, 0, 0, 0, 0, 0, 0, 0, 0, 0, 0, 0, 0, 0, 0, 1
"c:\BachKhoa\Kbase\FE\kbase-frontend\.next\server\server-reference-manifest.js", "JavaScript", 0, 0, 0, 0, 0, 0, 1, 0, 0, 0, 0, 0, 0, 0, 0, 0, 0, 1
"c:\BachKhoa\Kbase\FE\kbase-frontend\.next\server\server-reference-manifest.json", "JSON", 0, 5, 0, 0, 0, 0, 0, 0, 0, 0, 0, 0, 0, 0, 0, 0, 0, 5
"c:\BachKhoa\Kbase\FE\kbase-frontend\.next\standalone\.next\app-path-routes-manifest.json", "JSON", 0, 5, 0, 0, 0, 0, 0, 0, 0, 0, 0, 0, 0, 0, 0, 0, 0, 5
"c:\BachKhoa\Kbase\FE\kbase-frontend\.next\standalone\.next\build-manifest.json", "JSON", 0, 20, 0, 0, 0, 0, 0, 0, 0, 0, 0, 0, 0, 0, 0, 0, 0, 20
"c:\BachKhoa\Kbase\FE\kbase-frontend\.next\standalone\.next\package.json", "JSON", 0, 1, 0, 0, 0, 0, 0, 0, 0, 0, 0, 0, 0, 0, 0, 0, 0, 1
"c:\BachKhoa\Kbase\FE\kbase-frontend\.next\standalone\.next\prerender-manifest.json", "JSON", 0, 85, 0, 0, 0, 0, 0, 0, 0, 0, 0, 0, 0, 0, 0, 0, 0, 85
"c:\BachKhoa\Kbase\FE\kbase-frontend\.next\standalone\.next\required-server-files.json", "JSON", 0, 333, 0, 0, 0, 0, 0, 0, 0, 0, 0, 0, 0, 0, 0, 0, 0, 333
"c:\BachKhoa\Kbase\FE\kbase-frontend\.next\standalone\.next\routes-manifest.json", "JSON", 0, 63, 0, 0, 0, 0, 0, 0, 0, 0, 0, 0, 0, 0, 0, 0, 0, 63
"c:\BachKhoa\Kbase\FE\kbase-frontend\.next\standalone\.next\server\app-paths-manifest.json", "JSON", 0, 5, 0, 0, 0, 0, 0, 0, 0, 0, 0, 0, 0, 0, 0, 0, 0, 5
"c:\BachKhoa\Kbase\FE\kbase-frontend\.next\standalone\.next\server\app\_global-error.html", "HTML", 0, 0, 0, 0, 0, 0, 0, 0, 0, 0, 0, 0, 0, 0, 1, 0, 0, 1
"c:\BachKhoa\Kbase\FE\kbase-frontend\.next\standalone\.next\server\app\_global-error\page.js", "JavaScript", 0, 0, 0, 0, 0, 0, 9, 0, 0, 0, 0, 0, 0, 0, 0, 0, 1, 10
"c:\BachKhoa\Kbase\FE\kbase-frontend\.next\standalone\.next\server\app\_global-error\page.js.nft.json", "JSON", 0, 1, 0, 0, 0, 0, 0, 0, 0, 0, 0, 0, 0, 0, 0, 0, 0, 1
"c:\BachKhoa\Kbase\FE\kbase-frontend\.next\standalone\.next\server\app\_global-error\page\app-paths-manifest.json", "JSON", 0, 3, 0, 0, 0, 0, 0, 0, 0, 0, 0, 0, 0, 0, 0, 0, 0, 3
"c:\BachKhoa\Kbase\FE\kbase-frontend\.next\standalone\.next\server\app\_global-error\page\build-manifest.json", "JSON", 0, 16, 0, 0, 0, 0, 0, 0, 0, 0, 0, 0, 0, 0, 0, 0, 0, 16
"c:\BachKhoa\Kbase\FE\kbase-frontend\.next\standalone\.next\server\app\_global-error\page\next-font-manifest.json", "JSON", 0, 6, 0, 0, 0, 0, 0, 0, 0, 0, 0, 0, 0, 0, 0, 0, 0, 6
"c:\BachKhoa\Kbase\FE\kbase-frontend\.next\standalone\.next\server\app\_global-error\page\react-loadable-manifest.json", "JSON", 0, 1, 0, 0, 0, 0, 0, 0, 0, 0, 0, 0, 0, 0, 0, 0, 0, 1
"c:\BachKhoa\Kbase\FE\kbase-frontend\.next\standalone\.next\server\app\_global-error\page\server-reference-manifest.json", "JSON", 0, 4, 0, 0, 0, 0, 0, 0, 0, 0, 0, 0, 0, 0, 0, 0, 0, 4
"c:\BachKhoa\Kbase\FE\kbase-frontend\.next\standalone\.next\server\app\_global-error\page_client-reference-manifest.js", "JavaScript", 0, 0, 0, 0, 0, 0, 2, 0, 0, 0, 0, 0, 0, 0, 0, 0, 2, 4
"c:\BachKhoa\Kbase\FE\kbase-frontend\.next\standalone\.next\server\app\_not-found.html", "HTML", 0, 0, 0, 0, 0, 0, 0, 0, 0, 0, 0, 0, 0, 0, 1, 0, 0, 1
"c:\BachKhoa\Kbase\FE\kbase-frontend\.next\standalone\.next\server\app\_not-found\page.js", "JavaScript", 0, 0, 0, 0, 0, 0, 12, 0, 0, 0, 0, 0, 0, 0, 0, 0, 1, 13
"c:\BachKhoa\Kbase\FE\kbase-frontend\.next\standalone\.next\server\app\_not-found\page.js.nft.json", "JSON", 0, 1, 0, 0, 0, 0, 0, 0, 0, 0, 0, 0, 0, 0, 0, 0, 0, 1
"c:\BachKhoa\Kbase\FE\kbase-frontend\.next\standalone\.next\server\app\_not-found\page\app-paths-manifest.json", "JSON", 0, 3, 0, 0, 0, 0, 0, 0, 0, 0, 0, 0, 0, 0, 0, 0, 0, 3
"c:\BachKhoa\Kbase\FE\kbase-frontend\.next\standalone\.next\server\app\_not-found\page\build-manifest.json", "JSON", 0, 16, 0, 0, 0, 0, 0, 0, 0, 0, 0, 0, 0, 0, 0, 0, 0, 16
"c:\BachKhoa\Kbase\FE\kbase-frontend\.next\standalone\.next\server\app\_not-found\page\next-font-manifest.json", "JSON", 0, 6, 0, 0, 0, 0, 0, 0, 0, 0, 0, 0, 0, 0, 0, 0, 0, 6
"c:\BachKhoa\Kbase\FE\kbase-frontend\.next\standalone\.next\server\app\_not-found\page\react-loadable-manifest.json", "JSON", 0, 1, 0, 0, 0, 0, 0, 0, 0, 0, 0, 0, 0, 0, 0, 0, 0, 1
"c:\BachKhoa\Kbase\FE\kbase-frontend\.next\standalone\.next\server\app\_not-found\page\server-reference-manifest.json", "JSON", 0, 4, 0, 0, 0, 0, 0, 0, 0, 0, 0, 0, 0, 0, 0, 0, 0, 4
"c:\BachKhoa\Kbase\FE\kbase-frontend\.next\standalone\.next\server\app\_not-found\page_client-reference-manifest.js", "JavaScript", 0, 0, 0, 0, 0, 0, 2, 0, 0, 0, 0, 0, 0, 0, 0, 0, 2, 4
"c:\BachKhoa\Kbase\FE\kbase-frontend\.next\standalone\.next\server\app\index.html", "HTML", 0, 0, 0, 0, 0, 0, 0, 0, 0, 0, 0, 0, 0, 0, 5, 0, 0, 5
"c:\BachKhoa\Kbase\FE\kbase-frontend\.next\standalone\.next\server\app\page.js", "JavaScript", 0, 0, 0, 0, 0, 0, 13, 0, 0, 0, 0, 0, 0, 0, 0, 0, 1, 14
"c:\BachKhoa\Kbase\FE\kbase-frontend\.next\standalone\.next\server\app\page.js.nft.json", "JSON", 0, 1, 0, 0, 0, 0, 0, 0, 0, 0, 0, 0, 0, 0, 0, 0, 0, 1
"c:\BachKhoa\Kbase\FE\kbase-frontend\.next\standalone\.next\server\app\page\app-paths-manifest.json", "JSON", 0, 3, 0, 0, 0, 0, 0, 0, 0, 0, 0, 0, 0, 0, 0, 0, 0, 3
"c:\BachKhoa\Kbase\FE\kbase-frontend\.next\standalone\.next\server\app\page\build-manifest.json", "JSON", 0, 16, 0, 0, 0, 0, 0, 0, 0, 0, 0, 0, 0, 0, 0, 0, 0, 16
"c:\BachKhoa\Kbase\FE\kbase-frontend\.next\standalone\.next\server\app\page\next-font-manifest.json", "JSON", 0, 6, 0, 0, 0, 0, 0, 0, 0, 0, 0, 0, 0, 0, 0, 0, 0, 6
"c:\BachKhoa\Kbase\FE\kbase-frontend\.next\standalone\.next\server\app\page\react-loadable-manifest.json", "JSON", 0, 1, 0, 0, 0, 0, 0, 0, 0, 0, 0, 0, 0, 0, 0, 0, 0, 1
"c:\BachKhoa\Kbase\FE\kbase-frontend\.next\standalone\.next\server\app\page\server-reference-manifest.json", "JSON", 0, 4, 0, 0, 0, 0, 0, 0, 0, 0, 0, 0, 0, 0, 0, 0, 0, 4
"c:\BachKhoa\Kbase\FE\kbase-frontend\.next\standalone\.next\server\app\page_client-reference-manifest.js", "JavaScript", 0, 0, 0, 0, 0, 0, 2, 0, 0, 0, 0, 0, 0, 0, 0, 0, 2, 4
"c:\BachKhoa\Kbase\FE\kbase-frontend\.next\standalone\.next\server\chunks\ssr\[root-of-the-server]__01zapbh._.js", "JavaScript", 0, 0, 0, 0, 0, 0, 33, 0, 0, 0, 0, 0, 0, 0, 0, 0, 0, 33
"c:\BachKhoa\Kbase\FE\kbase-frontend\.next\standalone\.next\server\chunks\ssr\[root-of-the-server]__03j7h3w._.js", "JavaScript", 0, 0, 0, 0, 0, 0, 1, 0, 0, 0, 0, 0, 0, 0, 0, 1, 1, 3
"c:\BachKhoa\Kbase\FE\kbase-frontend\.next\standalone\.next\server\chunks\ssr\[root-of-the-server]__0_7~-_w._.js", "JavaScript", 0, 0, 0, 0, 0, 0, 1, 0, 0, 0, 0, 0, 0, 0, 0, 1, 1, 3
"c:\BachKhoa\Kbase\FE\kbase-frontend\.next\standalone\.next\server\chunks\ssr\[root-of-the-server]__0cryof6._.js", "JavaScript", 0, 0, 0, 0, 0, 0, 178, 0, 0, 0, 0, 0, 0, 0, 0, 1, 5, 184
"c:\BachKhoa\Kbase\FE\kbase-frontend\.next\standalone\.next\server\chunks\ssr\[root-of-the-server]__0e074.o._.js", "JavaScript", 0, 0, 0, 0, 0, 0, 15, 0, 0, 0, 0, 0, 0, 0, 0, 1, 3, 19
"c:\BachKhoa\Kbase\FE\kbase-frontend\.next\standalone\.next\server\chunks\ssr\[root-of-the-server]__0m11o6j._.js", "JavaScript", 0, 0, 0, 0, 0, 0, 1, 0, 0, 0, 0, 0, 0, 0, 0, 1, 1, 3
"c:\BachKhoa\Kbase\FE\kbase-frontend\.next\standalone\.next\server\chunks\ssr\[root-of-the-server]__0xjlogi._.js", "JavaScript", 0, 0, 0, 0, 0, 0, 1, 0, 0, 0, 0, 0, 0, 0, 0, 1, 1, 3
"c:\BachKhoa\Kbase\FE\kbase-frontend\.next\standalone\.next\server\chunks\ssr\[root-of-the-server]__0ypo7ru._.js", "JavaScript", 0, 0, 0, 0, 0, 0, 33, 0, 0, 0, 0, 0, 0, 0, 0, 0, 0, 33
"c:\BachKhoa\Kbase\FE\kbase-frontend\.next\standalone\.next\server\chunks\ssr\[turbopack]_runtime.js", "JavaScript", 0, 0, 0, 0, 0, 0, 727, 0, 0, 0, 0, 0, 0, 0, 0, 174, 2, 903
"c:\BachKhoa\Kbase\FE\kbase-frontend\.next\standalone\.next\server\chunks\ssr\_05s-v_s._.js", "JavaScript", 0, 0, 0, 0, 0, 0, 16, 0, 0, 0, 0, 0, 0, 0, 0, 1, 2, 19
"c:\BachKhoa\Kbase\FE\kbase-frontend\.next\standalone\.next\server\chunks\ssr\_next-internal_server_app__global-error_page_actions_0k77kol.js", "JavaScript", 0, 0, 0, 0, 0, 0, 1, 0, 0, 0, 0, 0, 0, 0, 0, 1, 1, 3
"c:\BachKhoa\Kbase\FE\kbase-frontend\.next\standalone\.next\server\chunks\ssr\_next-internal_server_app__not-found_page_actions_0eq97pa.js", "JavaScript", 0, 0, 0, 0, 0, 0, 1, 0, 0, 0, 0, 0, 0, 0, 0, 1, 1, 3
"c:\BachKhoa\Kbase\FE\kbase-frontend\.next\standalone\.next\server\chunks\ssr\_next-internal_server_app_page_actions_09-gtaw.js", "JavaScript", 0, 0, 0, 0, 0, 0, 1, 0, 0, 0, 0, 0, 0, 0, 0, 1, 1, 3
"c:\BachKhoa\Kbase\FE\kbase-frontend\.next\standalone\.next\server\chunks\ssr\node_modules_09w7yel._.js", "JavaScript", 0, 0, 0, 0, 0, 0, 33, 0, 0, 0, 0, 0, 0, 0, 0, 0, 0, 33
"c:\BachKhoa\Kbase\FE\kbase-frontend\.next\standalone\.next\server\chunks\ssr\node_modules_next_dist_0.jrk~x._.js", "JavaScript", 0, 0, 0, 0, 0, 0, 4, 0, 0, 0, 0, 0, 0, 0, 0, 1, 1, 6
"c:\BachKhoa\Kbase\FE\kbase-frontend\.next\standalone\.next\server\chunks\ssr\node_modules_next_dist_client_components_0inhx6q._.js", "JavaScript", 0, 0, 0, 0, 0, 0, 1, 0, 0, 0, 0, 0, 0, 0, 0, 1, 1, 3
"c:\BachKhoa\Kbase\FE\kbase-frontend\.next\standalone\.next\server\chunks\ssr\node_modules_next_dist_client_components_builtin_forbidden_0ghu-f7.js", "JavaScript", 0, 0, 0, 0, 0, 0, 1, 0, 0, 0, 0, 0, 0, 0, 0, 1, 1, 3
"c:\BachKhoa\Kbase\FE\kbase-frontend\.next\standalone\.next\server\chunks\ssr\node_modules_next_dist_client_components_builtin_global-error_0lgvd_..js", "JavaScript", 0, 0, 0, 0, 0, 0, 1, 0, 0, 0, 0, 0, 0, 0, 0, 1, 1, 3
"c:\BachKhoa\Kbase\FE\kbase-frontend\.next\standalone\.next\server\chunks\ssr\node_modules_next_dist_client_components_builtin_unauthorized_0cjv-23.js", "JavaScript", 0, 0, 0, 0, 0, 0, 1, 0, 0, 0, 0, 0, 0, 0, 0, 1, 1, 3
"c:\BachKhoa\Kbase\FE\kbase-frontend\.next\standalone\.next\server\chunks\ssr\node_modules_next_dist_esm_build_templates_app-page_0bj8dkg.js", "JavaScript", 0, 0, 0, 0, 0, 0, 2, 0, 0, 0, 0, 0, 0, 0, 0, 1, 1, 4
"c:\BachKhoa\Kbase\FE\kbase-frontend\.next\standalone\.next\server\chunks\ssr\node_modules_next_dist_esm_build_templates_app-page_0cvrgh7.js", "JavaScript", 0, 0, 0, 0, 0, 0, 2, 0, 0, 0, 0, 0, 0, 0, 0, 1, 1, 4
"c:\BachKhoa\Kbase\FE\kbase-frontend\.next\standalone\.next\server\chunks\ssr\node_modules_next_dist_esm_build_templates_app-page_0rc3ul_.js", "JavaScript", 0, 0, 0, 0, 0, 0, 2, 0, 0, 0, 0, 0, 0, 0, 0, 1, 1, 4
"c:\BachKhoa\Kbase\FE\kbase-frontend\.next\standalone\.next\server\chunks\ssr\src_0wle1nt._.js", "JavaScript", 0, 0, 0, 0, 0, 0, 1, 0, 0, 0, 0, 0, 0, 0, 0, 1, 1, 3
"c:\BachKhoa\Kbase\FE\kbase-frontend\.next\standalone\.next\server\functions-config-manifest.json", "JSON", 0, 4, 0, 0, 0, 0, 0, 0, 0, 0, 0, 0, 0, 0, 0, 0, 0, 4
"c:\BachKhoa\Kbase\FE\kbase-frontend\.next\standalone\.next\server\middleware-build-manifest.js", "JavaScript", 0, 0, 0, 0, 0, 0, 20, 0, 0, 0, 0, 0, 0, 0, 0, 0, 1, 21
"c:\BachKhoa\Kbase\FE\kbase-frontend\.next\standalone\.next\server\middleware-manifest.json", "JSON", 0, 6, 0, 0, 0, 0, 0, 0, 0, 0, 0, 0, 0, 0, 0, 0, 0, 6
"c:\BachKhoa\Kbase\FE\kbase-frontend\.next\standalone\.next\server\next-font-manifest.js", "JavaScript", 0, 0, 0, 0, 0, 0, 1, 0, 0, 0, 0, 0, 0, 0, 0, 0, 0, 1
"c:\BachKhoa\Kbase\FE\kbase-frontend\.next\standalone\.next\server\next-font-manifest.json", "JSON", 0, 6, 0, 0, 0, 0, 0, 0, 0, 0, 0, 0, 0, 0, 0, 0, 0, 6
"c:\BachKhoa\Kbase\FE\kbase-frontend\.next\standalone\.next\server\pages-manifest.json", "JSON", 0, 4, 0, 0, 0, 0, 0, 0, 0, 0, 0, 0, 0, 0, 0, 0, 0, 4
"c:\BachKhoa\Kbase\FE\kbase-frontend\.next\standalone\.next\server\pages\404.html", "HTML", 0, 0, 0, 0, 0, 0, 0, 0, 0, 0, 0, 0, 0, 0, 1, 0, 0, 1
"c:\BachKhoa\Kbase\FE\kbase-frontend\.next\standalone\.next\server\pages\500.html", "HTML", 0, 0, 0, 0, 0, 0, 0, 0, 0, 0, 0, 0, 0, 0, 1, 0, 0, 1
"c:\BachKhoa\Kbase\FE\kbase-frontend\.next\standalone\.next\server\prefetch-hints.json", "JSON", 0, 1, 0, 0, 0, 0, 0, 0, 0, 0, 0, 0, 0, 0, 0, 0, 0, 1
"c:\BachKhoa\Kbase\FE\kbase-frontend\.next\standalone\.next\server\server-reference-manifest.js", "JavaScript", 0, 0, 0, 0, 0, 0, 1, 0, 0, 0, 0, 0, 0, 0, 0, 0, 0, 1
"c:\BachKhoa\Kbase\FE\kbase-frontend\.next\standalone\.next\server\server-reference-manifest.json", "JSON", 0, 5, 0, 0, 0, 0, 0, 0, 0, 0, 0, 0, 0, 0, 0, 0, 0, 5
"c:\BachKhoa\Kbase\FE\kbase-frontend\.next\standalone\package.json", "JSON", 0, 34, 0, 0, 0, 0, 0, 0, 0, 0, 0, 0, 0, 0, 0, 0, 1, 35
"c:\BachKhoa\Kbase\FE\kbase-frontend\.next\standalone\server.js", "JavaScript", 0, 0, 0, 0, 0, 0, 30, 0, 0, 0, 0, 0, 0, 0, 0, 0, 8, 38
"c:\BachKhoa\Kbase\FE\kbase-frontend\.next\static\chunks\03cnjj9mnzy_p.js", "JavaScript", 0, 0, 0, 0, 0, 0, 5, 0, 0, 0, 0, 0, 0, 0, 0, 0, 0, 5
"c:\BachKhoa\Kbase\FE\kbase-frontend\.next\static\chunks\03~yq9q893hmn.js", "JavaScript", 0, 0, 0, 0, 0, 0, 1, 0, 0, 0, 0, 0, 0, 0, 0, 0, 1, 2
"c:\BachKhoa\Kbase\FE\kbase-frontend\.next\static\chunks\07lhk_q6pmm3r.js", "JavaScript", 0, 0, 0, 0, 0, 0, 1, 0, 0, 0, 0, 0, 0, 0, 0, 0, 0, 1
"c:\BachKhoa\Kbase\FE\kbase-frontend\.next\static\chunks\0a~ro4.w9so9m.css", "PostCSS", 0, 0, 0, 0, 0, 0, 0, 0, 0, 1, 0, 0, 0, 0, 0, 0, 1, 2
"c:\BachKhoa\Kbase\FE\kbase-frontend\.next\static\chunks\0dbhjjzl8qfwv.js", "JavaScript", 0, 0, 0, 0, 0, 0, 1, 0, 0, 0, 0, 0, 0, 0, 0, 0, 0, 1
"c:\BachKhoa\Kbase\FE\kbase-frontend\.next\static\chunks\0ht900cau6_ur.js", "JavaScript", 0, 0, 0, 0, 0, 0, 31, 0, 0, 0, 0, 0, 0, 0, 0, 0, 0, 31
"c:\BachKhoa\Kbase\FE\kbase-frontend\.next\static\chunks\0k-lzseo36uc4.js", "JavaScript", 0, 0, 0, 0, 0, 0, 16, 0, 0, 0, 0, 0, 0, 0, 0, 0, 1, 17
"c:\BachKhoa\Kbase\FE\kbase-frontend\.next\static\chunks\0z7b6dqs1w79w.js", "JavaScript", 0, 0, 0, 0, 0, 0, 1, 0, 0, 0, 0, 0, 0, 0, 0, 0, 0, 1
"c:\BachKhoa\Kbase\FE\kbase-frontend\.next\static\chunks\13m0r8a8k7u_u.js", "JavaScript", 0, 0, 0, 0, 0, 0, 173, 0, 0, 0, 0, 0, 0, 0, 0, 0, 4, 177
"c:\BachKhoa\Kbase\FE\kbase-frontend\.next\static\chunks\turbopack-0bxcrz71-nfi1.js", "JavaScript", 0, 0, 0, 0, 0, 0, 1, 0, 0, 0, 0, 0, 0, 0, 0, 0, 0, 1
"c:\BachKhoa\Kbase\FE\kbase-frontend\.next\static\iBVB6jFG4ywkA45ijbetS\_buildManifest.js", "JavaScript", 0, 0, 0, 0, 0, 0, 11, 0, 0, 0, 0, 0, 0, 0, 0, 0, 0, 11
"c:\BachKhoa\Kbase\FE\kbase-frontend\.next\static\iBVB6jFG4ywkA45ijbetS\_clientMiddlewareManifest.js", "JavaScript", 0, 0, 0, 0, 0, 0, 1, 0, 0, 0, 0, 0, 0, 0, 0, 0, 0, 1
"c:\BachKhoa\Kbase\FE\kbase-frontend\.next\static\iBVB6jFG4ywkA45ijbetS\_ssgManifest.js", "JavaScript", 0, 0, 0, 0, 0, 0, 1, 0, 0, 0, 0, 0, 0, 0, 0, 0, 0, 1
"c:\BachKhoa\Kbase\FE\kbase-frontend\.next\types\cache-life.d.ts", "TypeScript", 0, 0, 0, 26, 0, 0, 0, 0, 0, 0, 0, 0, 0, 0, 0, 106, 14, 146
"c:\BachKhoa\Kbase\FE\kbase-frontend\.next\types\routes.d.ts", "TypeScript", 0, 0, 0, 26, 0, 0, 0, 0, 0, 0, 0, 0, 0, 0, 0, 21, 11, 58
"c:\BachKhoa\Kbase\FE\kbase-frontend\.next\types\validator.ts", "TypeScript", 0, 0, 0, 42, 0, 0, 0, 0, 0, 0, 0, 0, 0, 0, 0, 7, 13, 62
"c:\BachKhoa\Kbase\FE\kbase-frontend\Dockerfile", "Docker", 0, 0, 0, 0, 16, 0, 0, 0, 0, 0, 0, 0, 0, 0, 0, 0, 3, 19
"c:\BachKhoa\Kbase\FE\kbase-frontend\next-env.d.ts", "TypeScript", 0, 0, 0, 1, 0, 0, 0, 0, 0, 0, 0, 0, 0, 0, 0, 4, 2, 7
"c:\BachKhoa\Kbase\FE\kbase-frontend\next.config.mjs", "JavaScript", 0, 0, 0, 0, 0, 0, 4, 0, 0, 0, 0, 0, 0, 0, 0, 1, 2, 7
"c:\BachKhoa\Kbase\FE\kbase-frontend\package-lock.json", "JSON", 0, 7037, 0, 0, 0, 0, 0, 0, 0, 0, 0, 0, 0, 0, 0, 0, 1, 7038
"c:\BachKhoa\Kbase\FE\kbase-frontend\package.json", "JSON", 0, 34, 0, 0, 0, 0, 0, 0, 0, 0, 0, 0, 0, 0, 0, 0, 1, 35
"c:\BachKhoa\Kbase\FE\kbase-frontend\postcss.config.js", "JavaScript", 0, 0, 0, 0, 0, 0, 6, 0, 0, 0, 0, 0, 0, 0, 0, 0, 1, 7
"c:\BachKhoa\Kbase\FE\kbase-frontend\src\app\globals.css", "PostCSS", 0, 0, 0, 0, 0, 0, 0, 0, 0, 17, 0, 0, 0, 0, 0, 0, 4, 21
"c:\BachKhoa\Kbase\FE\kbase-frontend\src\app\layout.tsx", "TypeScript JSX", 0, 0, 0, 0, 0, 0, 0, 0, 13, 0, 0, 0, 0, 0, 0, 0, 2, 15
"c:\BachKhoa\Kbase\FE\kbase-frontend\src\app\page.tsx", "TypeScript JSX", 0, 0, 0, 0, 0, 0, 0, 0, 4, 0, 0, 0, 0, 0, 0, 0, 2, 6
"c:\BachKhoa\Kbase\FE\kbase-frontend\src\components\HomeShell.tsx", "TypeScript JSX", 0, 0, 0, 0, 0, 0, 0, 0, 93, 0, 0, 0, 0, 0, 0, 0, 9, 102
"c:\BachKhoa\Kbase\FE\kbase-frontend\src\components\Providers.tsx", "TypeScript JSX", 0, 0, 0, 0, 0, 0, 0, 0, 37, 0, 0, 0, 0, 0, 0, 0, 3, 40
"c:\BachKhoa\Kbase\FE\kbase-frontend\src\components\auth\LoginForm.tsx", "TypeScript JSX", 0, 0, 0, 0, 0, 0, 0, 0, 85, 0, 0, 0, 0, 0, 0, 4, 9, 98
"c:\BachKhoa\Kbase\FE\kbase-frontend\src\components\auth\RegisterForm.tsx", "TypeScript JSX", 0, 0, 0, 0, 0, 0, 0, 0, 121, 0, 0, 0, 0, 0, 0, 16, 12, 149
"c:\BachKhoa\Kbase\FE\kbase-frontend\src\components\projects\DocumentUpload.tsx", "TypeScript JSX", 0, 0, 0, 0, 0, 0, 0, 0, 195, 0, 0, 0, 0, 0, 0, 0, 18, 213
"c:\BachKhoa\Kbase\FE\kbase-frontend\src\components\projects\ProjectDashboard.tsx", "TypeScript JSX", 0, 0, 0, 0, 0, 0, 0, 0, 134, 0, 0, 0, 0, 0, 0, 9, 16, 159
"c:\BachKhoa\Kbase\FE\kbase-frontend\src\components\projects\ProjectDetail.tsx", "TypeScript JSX", 0, 0, 0, 0, 0, 0, 0, 0, 41, 0, 0, 0, 0, 0, 0, 0, 5, 46
"c:\BachKhoa\Kbase\FE\kbase-frontend\src\lib\api.ts", "TypeScript", 0, 0, 0, 23, 0, 0, 0, 0, 0, 0, 0, 0, 0, 0, 0, 0, 4, 27
"c:\BachKhoa\Kbase\FE\kbase-frontend\src\lib\types.ts", "TypeScript", 0, 0, 0, 33, 0, 0, 0, 0, 0, 0, 0, 0, 0, 0, 0, 0, 4, 37
"c:\BachKhoa\Kbase\FE\kbase-frontend\src\store\authSlice.ts", "TypeScript", 0, 0, 0, 77, 0, 0, 0, 0, 0, 0, 0, 0, 0, 0, 0, 0, 9, 86
"c:\BachKhoa\Kbase\FE\kbase-frontend\src\store\hooks.ts", "TypeScript", 0, 0, 0, 4, 0, 0, 0, 0, 0, 0, 0, 0, 0, 0, 0, 0, 2, 6
"c:\BachKhoa\Kbase\FE\kbase-frontend\src\store\projectSlice.ts", "TypeScript", 0, 0, 0, 50, 0, 0, 0, 0, 0, 0, 0, 0, 0, 0, 0, 0, 7, 57
"c:\BachKhoa\Kbase\FE\kbase-frontend\src\store\store.ts", "TypeScript", 0, 0, 0, 11, 0, 0, 0, 0, 0, 0, 0, 0, 0, 0, 0, 0, 3, 14
"c:\BachKhoa\Kbase\FE\kbase-frontend\tailwind.config.ts", "TypeScript", 0, 0, 0, 17, 0, 0, 0, 0, 0, 0, 0, 0, 0, 0, 0, 0, 3, 20
"c:\BachKhoa\Kbase\FE\kbase-frontend\tsconfig.json", "JSON with Comments", 0, 0, 41, 0, 0, 0, 0, 0, 0, 0, 0, 0, 0, 0, 0, 0, 1, 42
"c:\BachKhoa\Kbase\README.md", "Markdown", 30, 0, 0, 0, 0, 0, 0, 0, 0, 0, 0, 0, 0, 0, 0, 0, 10, 40
"c:\BachKhoa\Kbase\TRAINING\TRAINING\BackEnd.md", "Markdown", 342, 0, 0, 0, 0, 0, 0, 0, 0, 0, 0, 0, 0, 0, 0, 0, 89, 431
"c:\BachKhoa\Kbase\TRAINING\TRAINING\Database.md", "Markdown", 180, 0, 0, 0, 0, 0, 0, 0, 0, 0, 0, 0, 0, 0, 0, 0, 31, 211
"c:\BachKhoa\Kbase\TRAINING\TRAINING\FrontEnd.md", "Markdown", 333, 0, 0, 0, 0, 0, 0, 0, 0, 0, 0, 0, 0, 0, 0, 0, 71, 404
"c:\BachKhoa\Kbase\TRAINING\TRAINING\Training.md", "Markdown", 87, 0, 0, 0, 0, 0, 0, 0, 0, 0, 0, 0, 0, 0, 0, 0, 33, 120
"c:\BachKhoa\Kbase\database\init\00-create-databases.sql", "MS SQL", 0, 0, 0, 0, 0, 0, 0, 0, 0, 0, 3, 0, 0, 0, 0, 0, 1, 4
"c:\BachKhoa\Kbase\database\init\01-user-schema.sql", "MS SQL", 0, 0, 0, 0, 0, 0, 0, 0, 0, 0, 13, 0, 0, 0, 0, 0, 3, 16
"c:\BachKhoa\Kbase\database\init\02-project-schema.sql", "MS SQL", 0, 0, 0, 0, 0, 0, 0, 0, 0, 0, 24, 0, 0, 0, 0, 0, 4, 28
"c:\BachKhoa\Kbase\database\init\03-document-schema.sql", "MS SQL", 0, 0, 0, 0, 0, 0, 0, 0, 0, 0, 18, 0, 0, 0, 0, 0, 3, 21
"c:\BachKhoa\Kbase\desktop.ini", "Ini", 0, 0, 0, 0, 0, 2, 0, 0, 0, 0, 0, 0, 0, 0, 0, 0, 1, 3
"c:\BachKhoa\Kbase\docker-compose.yml", "YAML", 0, 0, 0, 0, 0, 0, 0, 129, 0, 0, 0, 0, 0, 0, 0, 99, 20, 248
"Total", "-", 972, 8493, 41, 310, 66, 2, 10081, 272, 723, 18, 58, 220, 47, 1116, 18, 1820, 885, 25142